symbol,pre_quarters,baseline_liab_ratio,HL67
AAA,8,0.43071607646428006,0
AAM,8,0.06614431371157667,0
ACC,8,0.3727410423450286,0
ACL,8,0.5560152698469938,1
ADC,8,0.5490547984827933,1
ADS,8,0.6565415238461432,1
AGR,8,0.02708260583745195,0
ALT,8,0.13449898299963087,0
AMC,8,0.44523893322674096,0
AME,7,0.6946415647352561,1
AMV,8,0.037595506342851234,0
ANV,8,0.4640599155884241,0
APG,8,0.015456280763888048,0
API,8,0.595493300524921,1
APS,8,0.037497641447868865,0
ARM,8,0.6719835465209945,1
ASM,8,0.43913048005372024,0
ASP,8,0.5039460497022978,1
AST,8,0.18384809044134875,0
ATS,8,0.31526756431729946,0
BAX,8,0.15886006461243646,0
BBS,8,0.6749548527197737,1
BCC,8,0.5755108053964973,1
BCE,8,0.674246764225436,1
BED,8,0.3023834995404785,0
BFC,8,0.6339560637490677,1
BHN,8,0.3989428911067547,0
BIC,8,0.5884932504115199,1
BKC,8,0.5382551489351107,1
BMC,8,0.14046253490335453,0
BMI,8,0.600173156851447,1
BMP,8,0.115702597811319,0
BPC,8,0.5735069092122695,1
BRC,8,0.23809340930234507,0
BTP,8,0.16847928837058918,0
BTS,8,0.5838987087474092,1
BTT,8,0.12790454835517406,0
BTW,8,0.25226706052715014,0
BVH,8,0.21038166737618097,0
BVS,8,0.23723738010240725,0
BWE,8,0.12299104106494661,0
BXH,8,0.5836248313858745,1
C32,8,0.3392913893191281,0
C47,8,0.5782142408052868,1
C69,8,0.6182443191710421,1
CAG,8,0.038680240494708876,0
CAN,8,0.5154081158527328,1
CAP,8,0.38378179341103824,0
CCI,8,0.03843954582681422,0
CCL,8,0.2914664865926475,0
CDC,8,0.5138238436070008,1
CDN,8,0.09336604099225324,0
CEO,8,0.5371590245796514,1
CET,8,0.2853455871695684,0
CHP,8,0.0999269396495144,0
CIA,8,0.14048085860640908,0
CIG,8,0.5527999223666997,1
CII,8,0.26696991948587534,0
CJC,8,0.6013434954730924,1
CKV,8,0.5360596291208337,1
CLC,8,0.3719951866556508,0
CLH,8,0.4846478076328088,1
CLL,8,0.09368249529652024,0
CLM,8,0.827747626182251,1
CLW,8,0.40308558802796224,0
CMC,8,0.4184067201882159,0
CMG,8,0.4741547857263537,1
CMS,8,0.4481897135511911,0
CMV,8,0.7175587356109694,1
CMX,8,0.8247840146987742,1
CNG,8,0.3570257225683625,0
COM,8,0.11108589343092158,0
CPC,8,0.4241705690501887,0
CRC,8,0.4321875213775827,0
CRE,7,0.3319635323364616,0
CSC,8,0.4670224068033034,0
CSM,8,0.5402645462111242,1
CSV,8,0.200074898911769,0
CTB,8,0.5663598791126903,1
CTD,8,0.472708562579954,1
CTF,8,0.6535062371913412,1
CTI,8,0.1406934313578969,0
CTP,8,0.2473246334000282,0
CTS,8,0.38787682661052986,0
CTT,8,0.8573137113231379,1
CVT,8,0.43318232351479175,0
CX8,8,0.7214990084010309,1
D11,8,0.6382830942634534,1
D2D,8,0.3169579558753148,0
DAD,8,0.2748729851642504,0
DAE,8,0.22088229170801424,0
DAH,8,0.18628451359112091,0
DAT,8,0.4885717812932703,1
DBC,8,0.4863196904350907,1
DBD,8,0.32466442884107727,0
DC2,8,0.6864443833953122,1
DCL,8,0.19405278750717503,0
DCM,8,0.2866521537111427,0
DGW,8,0.5605797820266923,1
DHA,8,0.06678648853240682,0
DHC,8,0.2326211459948664,0
DHG,8,0.26958344837497505,0
DHM,8,0.3835691318866807,0
DHP,8,0.22956479629814625,0
DHT,8,0.5454777695325161,1
DIG,8,0.4008293774442785,0
DIH,8,0.7220507320912306,1
DL1,8,0.13527344958125692,0
DLG,8,0.2794849705214534,0
DMC,8,0.18515065861033364,0
DNC,8,0.3621144521153573,0
DNP,8,0.27131919005078287,0
DP3,8,0.2153714328720494,0
DPG,8,0.35176572481450274,0
DPM,8,0.16092901135667426,0
DPR,8,0.11105760633074406,0
DQC,8,0.308624706675913,0
DRC,8,0.3575026545715642,0
DRH,8,0.630237114930428,1
DRL,8,0.06588750788843278,0
DS3,8,0.11770826404613136,0
DSN,8,0.10491830458682541,0
DST,8,0.104288465031074,0
DTA,8,0.3105286014044411,0
DTD,8,0.43633189564433766,0
DTL,8,0.5866428178823352,1
DTT,8,0.268266991526393,0
DVP,8,0.08234051157981703,0
DXG,8,0.3969767956889141,0
DXP,8,0.05788681899710744,0
DXV,8,0.25769455490986526,0
EBS,8,0.24707769565809268,0
ECI,8,0.306539122481825,0
EID,8,0.45964379796459803,0
ELC,8,0.15556683238424057,0
EVE,8,0.16521201437287686,0
EVG,8,0.14142680779113398,0
EVS,8,0.34685687705021573,0
FCM,8,0.42643027113110243,0
FCN,8,0.4610194414546522,0
FDC,8,0.34263279565044824,0
FID,8,0.11960147431269244,0
FIR,8,0.4788470106520076,1
FIT,8,0.12456303462252805,0
FMC,8,0.5174391820935255,1
FPT,8,0.4702437263893432,0
FRT,8,0.7717318520429785,1
FTS,8,0.18698814481359852,0
GAS,8,0.19626922984913991,0
GDT,8,0.1969554546698693,0
GDW,5,0.34286931484107436,0
GEG,8,0.11929663383757348,0
GEX,8,0.37804074970902973,0
GIL,8,0.5927692048873479,1
GKM,8,0.2874510973849584,0
GLT,8,0.3313681818521028,0
GMD,8,0.15310159823297365,0
GMX,8,0.3546052630506865,0
GSP,8,0.24092352966615815,0
GTA,8,0.7406720616412228,1
HAD,8,0.4980866213564351,1
HAG,8,0.2617003203626328,0
HAH,8,0.15712645592819485,0
HAR,8,0.015623125253892693,0
HAS,8,0.3540842032905721,0
HAT,8,0.6283079368407345,1
HAX,8,0.7372800604001841,1
HBS,8,0.0029279853467815992,0
HCC,8,0.4932807810984724,1
HCD,8,0.19298816690832826,0
HCM,8,0.4214933478853943,0
HCT,8,0.14744386195578757,0
HDA,8,0.32491066118058887,0
HDC,8,0.3085076593424675,0
HDG,8,0.301749587677674,0
HEV,8,0.2954959398289527,0
HGM,8,0.11251908083189437,0
HHC,8,0.2770031458560178,0
HHS,8,0.057230104534713624,0
HID,8,0.12489990437234343,0
HII,8,0.6279314198435595,1
HJS,8,0.14475968143190682,0
HKT,8,0.18539235183727473,0
HLC,8,0.2346978289666637,0
HLD,8,0.435931693413418,0
HMC,8,0.6246330322659821,1
HMH,8,0.06071591186675023,0
HOM,8,0.4334945774163832,0
HPG,8,0.28567796352438446,0
HPX,8,0.3352890416332188,0
HQC,8,0.32354134325337114,0
HRC,8,0.12000687782953919,0
HSG,8,0.5448866623791214,1
HSL,8,0.0677674782139111,0
HT1,8,0.344843112467054,0
HTC,8,0.19548525213969428,0
HTI,8,0.03805296716282333,0
HTL,8,0.523176863430951,1
HTN,8,0.8133647687465699,1
HTV,8,0.18201255147205347,0
HU1,8,0.723502530518938,1
HUB,8,0.32056951240691345,0
HUT,8,0.15014538380444148,0
HVH,7,0.21159762632908521,0
HVN,8,0.40618815155915816,0
HVT,8,0.43949427045530753,0
ICG,8,0.22502638901081376,0
IDC,7,0.11597770157622515,0
IDI,8,0.5145049122683417,1
IDJ,8,0.1805486561259958,0
IDV,8,0.07367771965259397,0
IJC,8,0.6048355539928425,1
ILB,8,0.2076163506745052,0
IMP,8,0.12828912605840254,0
INC,8,0.2726895665325391,0
INN,8,0.3260366996087561,0
ITC,8,0.3382658551465593,0
ITD,8,0.2739687849450897,0
ITQ,8,0.4037604974297392,0
IVS,8,0.012943464488365286,0
JVC,8,0.19903929942366147,0
KBC,8,0.22884626825707705,0
KDC,8,0.2110712121281622,0
KDH,8,0.23141496404904652,0
KDM,8,0.14538056385172282,0
KHP,8,0.32731384598759683,0
KHS,8,0.4512577652470323,0
KKC,8,0.5467616829495562,1
KMR,8,0.33799885294093135,0
KMT,8,0.822989073731941,1
KOS,8,0.20953614995900277,0
KSA,2,0.1968652057193333,0
KSB,8,0.26688015352516226,0
KSD,8,0.02609561930575707,0
KST,8,0.5572069896880203,1
KTS,8,0.42919772822091096,0
L10,8,0.6279336351751873,1
L14,8,0.2727472035800279,0
L18,8,0.737154223815945,1
LAS,8,0.550289547541655,1
LBE,8,0.18537900709511823,0
LBM,8,0.19539189570059112,0
LCD,8,0.6401237741448622,1
LCG,8,0.5968688049354272,1
LDG,8,0.3935478163547882,0
LDP,8,0.5895107050098898,1
LGC,8,0.2027802738118088,0
LGL,8,0.5219366889657251,1
LHC,8,0.32832615382299224,0
LHG,8,0.2599251047909691,0
LIG,8,0.6757321290061375,1
LIX,8,0.27976042846348176,0
LM8,8,0.8310516123346192,1
LSS,8,0.3493296498772024,0
MAC,8,0.2610177642767758,0
MAS,8,0.39258638073972796,0
MBG,8,0.12566834098933471,0
MBS,8,0.4719669537733435,0
MCC,8,0.1567593006521942,0
MCF,8,0.4721168508083521,1
MCO,8,0.5690094112237243,1
MCP,8,0.23678649645375033,0
MDC,8,0.45239498489461755,0
MDG,8,0.44615577148228647,0
MEL,8,0.741689988302029,1
MHC,8,0.20374505525559516,0
MKV,8,0.4406302705258994,0
MSH,8,0.5104643680749128,1
MSN,8,0.24011881087970566,0
MST,8,0.20414125415170634,0
MWG,8,0.6357339127448672,1
NAF,8,0.3308866795785017,0
NAG,8,0.6704473937047308,1
NAP,8,0.10325184829496381,0
NAV,8,0.42015450151623335,0
NBB,8,0.49487845680147374,1
NBC,8,0.34160123686066723,0
NBP,8,0.36218394411955035,0
NBW,8,0.3628192263019948,0
NCT,8,0.12937651429787195,0
NDN,8,0.6640202336139973,1
NDX,8,0.5215247098753357,1
NET,8,0.48690492234116267,1
NFC,8,0.21389985231241881,0
NHC,8,0.10132326398401947,0
NHH,4,0.3923626465956953,0
NKG,8,0.5059883778336178,1
NLG,8,0.2711995505240469,0
NNC,8,0.20804248590355695,0
NRC,8,0.3252161285743791,0
NSH,8,0.7151930553284405,1
NST,8,0.6167062112590675,1
NT2,8,0.37316698656559855,0
NTH,4,0.11696380615462466,0
NTL,8,0.30813482061860065,0
NTP,8,0.4277001124914743,0
NVL,8,0.39208825898280864,0
NVT,8,0.1461560230195886,0
OCH,8,0.4457668952894162,0
OGC,8,0.4968196151149564,1
ONE,8,0.6759351186285895,1
OPC,8,0.4443741582301698,0
PAC,8,0.6891715571458072,1
PBP,8,0.4493901252959253,0
PC1,8,0.3154613024347526,0
PCE,8,0.37456758047748645,0
PCT,8,0.09569053706170269,0
PDB,8,0.4300274902815515,0
PDN,8,0.2483262276613386,0
PDR,8,0.12433754728462972,0
PEN,8,0.71714479884052,1
PET,8,0.623202455194465,1
PGC,8,0.5279252857684773,1
PGD,8,0.5403772270291559,1
PGI,8,0.7264255410877667,1
PGN,6,0.49780391994655204,1
PGS,8,0.5284767851047585,1
PGT,8,0.3286951093655428,0
PHC,8,0.7545056125214455,1
PHN,7,0.2776634558918824,0
PHR,8,0.1372913336171415,0
PIA,7,0.3536618239819983,0
PIC,8,0.07042048194792239,0
PIT,8,0.7208554650426297,1
PJC,8,0.4755926067775994,1
PJT,8,0.18276954625302622,0
PLC,8,0.6822716640642248,1
PLP,8,0.47611668333956664,1
PLX,8,0.5691984480889878,1
PMB,8,0.2692090000854856,0
PMC,8,0.13279666230781234,0
PMG,8,0.4704565544942426,0
PMP,8,0.6547044053139497,1
PMS,8,0.5387888587554717,1
PNC,8,0.6344733779915789,1
PNJ,8,0.37466478523181124,0
POT,8,0.42203183285609736,0
POW,8,0.31322757922455846,0
PPC,8,0.1850478207964565,0
PPE,8,0.38145732395524423,0
PPP,8,0.25279091364128126,0
PPS,8,0.940825285283696,1
PPY,8,0.49188628921117195,1
PRC,8,0.4162033706898216,0
PSC,8,0.28612324922687526,0
PSD,8,0.8446729370117174,1
PSE,8,0.40100979443647683,0
PSI,8,0.06522151173578447,0
PSW,8,0.2800037037814912,0
PTB,8,0.48973465034332064,1
PTC,8,0.1979805834067231,0
PTD,8,0.7275978053336842,1
PTI,8,0.7116766604164602,1
PTL,8,0.3086829185752753,0
PTS,8,0.31031128255253,0
PV2,8,0.06776845154314509,0
PVB,8,0.09550457159200379,0
PVC,8,0.514046163506322,1
PVD,8,0.1322230574626386,0
PVG,8,0.6463615272352776,1
PVI,8,0.6691173634718055,1
PVS,8,0.3242650442051431,0
PVT,8,0.22690864298986108,0
QCG,8,0.5865689035704346,1
QHD,8,0.40749712128135296,0
QST,8,0.5957314445448018,1
QTC,8,0.4479395641498817,0
RAL,8,0.6998194362275983,1
RCL,8,0.592342075295367,1
REE,8,0.17972457248965293,0
S4A,8,0.08059124032670868,0
S55,8,0.2429290341430188,0
S99,8,0.4000324155688474,0
SAB,8,0.22674983638998153,0
SAF,8,0.38485532502659003,0
SAM,8,0.30354488654450795,0
SAV,8,0.4750157235137197,1
SBA,8,0.08782275057774946,0
SBT,8,0.4915993759701157,1
SBV,8,0.2611852941901094,0
SC5,8,0.7657142738195657,1
SCI,8,0.7777019119212877,1
SCR,8,0.4719276175863493,0
SCS,8,0.06581654667539999,0
SD5,8,0.6218364008087904,1
SD9,8,0.47901749308879915,1
SDC,8,0.4508104421490222,0
SDG,8,0.44446833364148874,0
SDN,8,0.4368532752104016,0
SDU,8,0.622895174657127,1
SEB,8,0.09931641750278797,0
SED,8,0.44359393149451165,0
SFC,8,0.36866892567594034,0
SFG,8,0.5473549084159137,1
SFI,8,0.27205617324479103,0
SFN,8,0.10920229875583085,0
SGC,8,0.31004390579692975,0
SGD,8,0.4494593796937695,0
SGH,8,0.055562265524593174,0
SGN,8,0.26227936184616396,0
SGR,8,0.5397074894004004,1
SGT,8,0.3289500519909655,0
SHA,8,0.5169979105894524,1
SHE,7,0.253775163816818,0
SHI,8,0.6142765927816993,1
SHN,8,0.5431186540436451,1
SHP,8,0.14098066263815773,0
SHS,8,0.43309711484277835,0
SJ1,8,0.564056162644594,1
SJD,8,0.18469317452767764,0
SJE,8,0.36639830289337627,0
SJS,8,0.4804059023352054,1
SKG,8,0.021109369307124544,0
SLS,8,0.4086043508796903,0
SMA,8,0.11719704603264364,0
SMB,8,0.3682549069973835,0
SMC,8,0.7257604991400933,1
SMN,8,0.5663749599138677,1
SMT,8,0.6451765895455268,1
SPM,8,0.21471343907555002,0
SRA,8,0.05237965301531844,0
SRC,8,0.2501464977418378,0
SRF,8,0.6948164235193598,1
SSI,8,0.5693848670851442,1
SSM,8,0.6169143129592981,1
ST8,8,0.25739472325465707,0
STC,8,0.375876026250845,0
STG,8,0.19394360322668927,0
STK,8,0.4162199785859628,0
STP,8,0.1520867490884018,0
SVC,8,0.5222796843689266,1
SVN,8,0.04508546289397036,0
SVT,8,0.008516429964979089,0
SZB,8,0.1444915359110076,0
SZC,8,0.09767620471922439,0
SZL,8,0.07333000064202069,0
TA9,8,0.8916967981257725,1
TBC,8,0.058074223417307336,0
TCH,8,0.10276449810129326,0
TCL,8,0.23001266928780909,0
TCM,8,0.5127853312848463,1
TCO,8,0.0693424405509333,0
TCR,8,0.5759647474093196,1
TCT,8,0.0686148246842796,0
TDC,8,0.5741088608154675,1
TDG,8,0.4102424348494915,0
TDH,8,0.36389704899775766,0
TDM,8,0.11834584976270504,0
TDT,8,0.51481010295952,1
TDW,8,0.37751101489884453,0
TEG,8,0.1403110323006724,0
TET,8,0.06756696797691143,0
TFC,8,0.46316802659171175,0
THB,8,0.5319476532763228,1
THG,8,0.5357996506566984,1
THS,8,0.5066450292769117,1
THT,8,0.6260795445665607,1
TIG,8,0.1297986582550147,0
TIP,8,0.16401137472101737,0
TIX,8,0.08990186371022171,0
TJC,8,0.15951714719762072,0
TKU,8,0.4557227479192745,0
TLD,8,0.31729929670749957,0
TLG,8,0.24608532420961143,0
TLH,8,0.49213308427358204,1
TMB,8,0.831669774643522,1
TMC,8,0.3968385847417176,0
TMP,8,0.07847353505582833,0
TMS,8,0.23573425686026434,0
TMT,8,0.7463080190026263,1
TMX,8,0.4072248647235763,0
TN1,6,0.29627501220102104,0
TNC,8,0.053313841035537726,0
TNG,8,0.5826087722936867,1
TNI,8,0.37137579967750367,0
TNT,8,0.23331362734901898,0
TPC,8,0.4925527112315027,1
TPP,8,0.5565989403029517,1
TRA,8,0.1912108532518627,0
TRC,8,0.04731744317934565,0
TSB,8,0.4461733406417151,0
TSC,8,0.07733588805401717,0
TTC,8,0.4809521173593834,1
TTE,7,0.08427786779850004,0
TTF,8,0.7515431275437913,1
TTH,8,0.19100669365778278,0
TTL,8,0.533324397023991,1
TTT,8,0.06427617930044442,0
TV2,8,0.5012536222042869,1
TV3,8,0.6019967877213233,1
TV4,8,0.33144084360371673,0
TVC,8,0.5360236397627296,1
TVD,8,0.30781961071245856,0
TVS,8,0.6286605131906007,1
TVT,8,0.53111734702464,1
TXM,8,0.25962674217641923,0
TYA,8,0.4997163344628155,1
UIC,8,0.3780719824345201,0
UNI,8,0.06147704546105446,0
V12,8,0.864651914785724,1
V21,8,0.6885009601879779,1
VBC,8,0.6929866171453696,1
VC1,8,0.7287870849824105,1
VC2,8,0.859335506686133,1
VC3,8,0.3473356797756895,0
VC6,8,0.8459960293801785,1
VC7,8,0.465467877431482,0
VC9,8,0.8174555555747405,1
VCC,8,0.7915504968481404,1
VCF,8,0.36782391192325903,0
VCI,8,0.4268192961809374,0
VCM,8,0.49184015497544975,1
VCS,8,0.3394466298391723,0
VDL,8,0.16033663421935895,0
VDP,8,0.3503141470996778,0
VDS,8,0.49013435919547765,1
VE1,8,0.09608535630769671,0
VE3,8,0.5569736126760945,1
VE4,8,0.4518656228782957,0
VGC,8,0.27140274190110913,0
VGP,8,0.9572110218057895,1
VGS,8,0.6001602323042678,1
VHC,8,0.3280426894359668,0
VHE,6,0.3518857033644568,0
VHL,8,0.3453127083700813,0
VHM,8,0.4618411508233329,0
VIC,8,0.4164826939939832,0
VID,8,0.40182589941838687,0
VIG,8,0.06415759014388442,0
VIP,8,0.10102649358827234,0
VIT,8,0.5855919470041978,1
VJC,8,0.4028686313628813,0
VLA,8,0.024502041655093364,0
VMC,8,0.7028587893049514,1
VMD,8,0.9605649887640062,1
VMS,8,0.20609102770236826,0
VNC,8,0.32501074687890846,0
VNF,8,0.5330506915825088,1
VNG,8,0.2126271027399358,0
VNL,8,0.23630556417064047,0
VNM,8,0.25704338055914083,0
VNR,8,0.5725766040083493,1
VNS,8,0.18865534829813302,0
VNT,8,0.6125925935413203,1
VOS,8,0.34091121237989674,0
VPD,8,0.21804028581537516,0
VPG,8,0.8098870920877372,1
VPH,8,0.43807943216062484,0
VPI,8,0.3338925673865737,0
VPS,8,0.37499475747718136,0
VRC,8,0.20106512828378847,0
VRE,8,0.1477178009262237,0
VSA,8,0.4725987920926108,1
VSC,8,0.11695770557929207,0
VSH,8,0.06333477044882871,0
VSI,8,0.38657352090147057,0
VSM,8,0.32481115056854315,0
VTB,8,0.5092403301227997,1
VTC,8,0.8055054477482226,1
VTH,8,0.29861484932847177,0
VTJ,8,0.04146341162802694,0
VTO,8,0.17893826482395145,0
VTV,8,0.6649619527792119,1
WCS,8,0.09691683671309226,0
WSS,8,0.09472108758912243,0
X20,8,0.6347599425235039,1
YBM,8,0.5063244810816058,1
YEG,8,0.29865388584692604,0
