symbol,pre_quarters,liab_raw,liab_clip,liab_exp_rederived,HighLiab_rederived
AAA,8,0.43071607646428006,0.43071607646428006,0.27053733074416525,0
AAM,8,0.06614431371157667,0.06614431371157667,-1.4683927590443693,0
ACC,8,0.3727410423450286,0.3727410423450286,-0.0059913025358288245,0
ACL,8,0.5560152698469938,0.5560152698469938,0.868187944039826,1
ADC,8,0.5490547984827933,0.5490547984827933,0.8349879699032389,1
ADS,8,0.6565415238461432,0.6565415238461432,1.3476768835368267,1
AGR,8,0.02708260583745195,0.02708260583745195,-1.6547088320939445,0
ALT,8,0.13449898299963087,0.13449898299963087,-1.1423554644797609,0
AMC,8,0.44523893322674096,0.44523893322674096,0.33980828147071024,0
AME,7,0.6946415647352561,0.6946415647352561,1.5294060087548784,1
AMV,8,0.037595506342851234,0.037595506342851234,-1.6045645233801828,0
ANV,8,0.4640599155884241,0.4640599155884241,0.4295803809361051,0
APG,8,0.015456280763888048,0.023382459780263654,-1.672357745073038,0
API,8,0.595493300524921,0.595493300524921,1.0564897886838087,1
APS,8,0.037497641447868865,0.037497641447868865,-1.605031318200862,0
ARM,8,0.6719835465209945,0.6719835465209945,1.4213320609804796,1
ASM,8,0.43913048005372024,0.43913048005372024,0.310672253643357,0
ASP,8,0.5039460497022978,0.5039460497022978,0.6198287925307349,1
AST,8,0.18384809044134875,0.18384809044134875,-0.906970674427273,0
ATS,8,0.31526756431729946,0.31526756431729946,-0.28012761949192655,0
BAX,8,0.15886006461243646,0.15886006461243646,-1.0261582650136107,0
BBS,8,0.6749548527197737,0.6749548527197737,1.4355045622077272,1
BCC,8,0.5755108053964973,0.5755108053964973,0.96117751933661,1
BCE,8,0.674246764225436,0.674246764225436,1.4321271300672345,1
BED,8,0.3023834995404785,0.3023834995404785,-0.3415818795531919,0
BFC,8,0.6339560637490677,0.6339560637490677,1.23994902261315,1
BHN,8,0.3989428911067547,0.3989428911067547,0.11898596634486729,0
BIC,8,0.5884932504115199,0.5884932504115199,1.0231010322965575,1
BKC,8,0.5382551489351107,0.5382551489351107,0.7834759289929969,1
BMC,8,0.14046253490335453,0.14046253490335453,-1.1139105850159745,0
BMI,8,0.600173156851447,0.600173156851447,1.0788117121389817,1
BMP,8,0.115702597811319,0.115702597811319,-1.2320102406380073,0
BPC,8,0.5735069092122695,0.5735069092122695,0.9516193589753813,1
BRC,8,0.23809340930234507,0.23809340930234507,-0.6482319929525225,0
BTP,8,0.16847928837058918,0.16847928837058918,-0.9802766050979828,0
BTS,8,0.5838987087474092,0.5838987087474092,1.0011860417109353,1
BTT,8,0.12790454835517406,0.12790454835517406,-1.1738095209919992,0
BTW,8,0.25226706052715014,0.25226706052715014,-0.5806266786767149,0
BVH,8,0.21038166737618097,0.21038166737618097,-0.7804111324229281,0
BVS,8,0.23723738010240725,0.23723738010240725,-0.6523150709239759,0
BWE,8,0.12299104106494661,0.12299104106494661,-1.1972459100553166,0
BXH,8,0.5836248313858745,0.5836248313858745,0.9998797047053245,1
C32,8,0.3392913893191281,0.3392913893191281,-0.16553906262711174,0
C47,8,0.5782142408052868,0.5782142408052868,0.9740723336322872,1
C69,8,0.6182443191710421,0.6182443191710421,1.1650073288201137,1
CAG,8,0.038680240494708876,0.038680240494708876,-1.5993905712291876,0
CAN,8,0.5154081158527328,0.5154081158527328,0.674500420332195,1
CAP,8,0.38378179341103824,0.38378179341103824,0.046670741550048925,0
CCI,8,0.03843954582681422,0.03843954582681422,-1.6005386338144336,0
CCL,8,0.2914664865926475,0.2914664865926475,-0.393653719023852,0
CDC,8,0.5138238436070008,0.5138238436070008,0.66694377727866,1
CDN,8,0.09336604099225324,0.09336604099225324,-1.338550885644823,0
CEO,8,0.5371590245796514,0.5371590245796514,0.7782476479833366,1
CET,8,0.2853455871695684,0.2853455871695684,-0.42284911282779125,0
CHP,8,0.0999269396495144,0.0999269396495144,-1.3072567886883792,0
CIA,8,0.14048085860640908,0.14048085860640908,-1.1138231848334772,0
CIG,8,0.5527999223666997,0.5527999223666997,0.8528514175891975,1
CII,8,0.26696991948587534,0.26696991948587534,-0.5104971555995617,0
CJC,8,0.6013434954730924,0.6013434954730924,1.0843939794793114,1
CKV,8,0.5360596291208337,0.5360596291208337,0.773003764503497,1
CLC,8,0.3719951866556508,0.3719951866556508,-0.009548876197338076,0
CLH,8,0.4846478076328088,0.4846478076328088,0.5277802653456475,1
CLL,8,0.09368249529652024,0.09368249529652024,-1.3370414656404377,0
CLM,8,0.827747626182251,0.827747626182251,2.1642937291744837,1
CLW,8,0.40308558802796224,0.40308558802796224,0.13874575321033736,0
CMC,8,0.4184067201882159,0.4184067201882159,0.2118243085047143,0
CMG,8,0.4741547857263537,0.4741547857263537,0.47773077333843994,1
CMS,8,0.4481897135511911,0.4481897135511911,0.3538828786249141,0
CMV,8,0.7175587356109694,0.7175587356109694,1.6387160598342743,1
CMX,8,0.8247840146987742,0.8247840146987742,2.150157930109441,1
CNG,8,0.3570257225683625,0.3570257225683625,-0.0809500492691311,0
COM,8,0.11108589343092158,0.11108589343092158,-1.2540309426861178,0
CPC,8,0.4241705690501887,0.4241705690501887,0.2393166467576816,0
CRC,8,0.4321875213775827,0.4321875213775827,0.2775558113195353,0
CRE,7,0.3319635323364616,0.3319635323364616,-0.2004913883492479,0
CSC,8,0.4670224068033034,0.4670224068033034,0.44371083655721777,0
CSM,8,0.5402645462111242,0.5402645462111242,0.793060328396878,1
CSV,8,0.200074898911769,0.200074898911769,-0.8295722349612148,0
CTB,8,0.5663598791126903,0.5663598791126903,0.9175295391853252,1
CTD,8,0.472708562579954,0.472708562579954,0.4708325952490714,1
CTF,8,0.6535062371913412,0.6535062371913412,1.3331992090858047,1
CTI,8,0.1406934313578969,0.1406934313578969,-1.1128092578330968,0
CTP,8,0.2473246334000282,0.2473246334000282,-0.6042010092366199,0
CTS,8,0.38787682661052986,0.38787682661052986,0.0662031825584034,0
CTT,8,0.8573137113231379,0.8573137113231379,2.3053176930178183,1
CVT,8,0.43318232351479175,0.43318232351479175,0.2823008068088106,0
CX8,8,0.7214990084010309,0.7214990084010309,1.6575103264688535,1
D11,8,0.6382830942634534,0.6382830942634534,1.2605880416750912,1
D2D,8,0.3169579558753148,0.3169579558753148,-0.2720648097955232,0
DAD,8,0.2748729851642504,0.2748729851642504,-0.4728012062316357,0
DAE,8,0.22088229170801424,0.22088229170801424,-0.7303253784569071,0
DAH,8,0.18628451359112091,0.18628451359112091,-0.8953494520522695,0
DAT,8,0.4885717812932703,0.4885717812932703,0.5464967885842907,1
DBC,8,0.4863196904350907,0.4863196904350907,0.5357547921974708,1
DBD,8,0.32466442884107727,0.32466442884107727,-0.23530656602721342,0
DC2,8,0.6864443833953122,0.6864443833953122,1.4903071899767757,1
DCL,8,0.19405278750717503,0.19405278750717503,-0.85829643084089,0
DCM,8,0.2866521537111427,0.2866521537111427,-0.41661706716331215,0
DGW,8,0.5605797820266923,0.5605797820266923,0.8899597003452318,1
DHA,8,0.06678648853240682,0.06678648853240682,-1.4653297211655865,0
DHC,8,0.2326211459948664,0.2326211459948664,-0.6743335298701668,0
DHG,8,0.26958344837497505,0.26958344837497505,-0.4980311763600508,0
DHM,8,0.3835691318866807,0.3835691318866807,0.04565639112188232,0
DHP,8,0.22956479629814625,0.22956479629814625,-0.6889116705698565,0
DHT,8,0.5454777695325161,0.5454777695325161,0.8179262994471512,1
DIG,8,0.4008293774442785,0.4008293774442785,0.12798410660544562,0
DIH,8,0.7220507320912306,0.7220507320912306,1.6601419316126351,1
DL1,8,0.13527344958125692,0.13527344958125692,-1.1386614229221903,0
DLG,8,0.2794849705214534,0.2794849705214534,-0.45080301292464486,0
DMC,8,0.18515065861033364,0.18515065861033364,-0.9007577001531654,0
DNC,8,0.3621144521153573,0.3621144521153573,-0.056677887154185154,0
DNP,8,0.27131919005078287,0.27131919005078287,-0.48975205620721113,0
DP3,8,0.2153714328720494,0.2153714328720494,-0.7566110078706602,0
DPG,8,0.35176572481450274,0.35176572481450274,-0.10603912445516327,0
DPM,8,0.16092901135667426,0.16092901135667426,-1.016289827259243,0
DPR,8,0.11105760633074406,0.11105760633074406,-1.2541658661625825,0
DQC,8,0.308624706675913,0.308624706675913,-0.3118126434432307,0
DRC,8,0.3575026545715642,0.3575026545715642,-0.07867518463099091,0
DRH,8,0.630237114930428,0.630237114930428,1.222210424444474,1
DRL,8,0.06588750788843278,0.06588750788843278,-1.4696176684277125,0
DS3,8,0.11770826404613136,0.11770826404613136,-1.222443637510398,0
DSN,8,0.10491830458682541,0.10491830458682541,-1.2834490351392018,0
DST,8,0.104288465031074,0.104288465031074,-1.2864532364162442,0
DTA,8,0.3105286014044411,0.3105286014044411,-0.3027314688447662,0
DTD,8,0.43633189564433766,0.43633189564433766,0.2973235987679943,0
DTL,8,0.5866428178823352,0.5866428178823352,1.014274861065338,1
DTT,8,0.268266991526393,0.268266991526393,-0.504310396694129,0
DVP,8,0.08234051157981703,0.08234051157981703,-1.3911403256671953,0
DXG,8,0.3969767956889141,0.3969767956889141,0.10960810763287075,0
DXP,8,0.05788681899710744,0.05788681899710744,-1.5077792598442143,0
DXV,8,0.25769455490986526,0.25769455490986526,-0.5547386800478591,0
EBS,8,0.24707769565809268,0.24707769565809268,-0.6053788499627196,0
ECI,8,0.306539122481825,0.306539122481825,-0.32176043830946954,0
EID,8,0.45964379796459803,0.45964379796459803,0.4085164352313315,0
ELC,8,0.15556683238424057,0.15556683238424057,-1.0418662852152623,0
EVE,8,0.16521201437287686,0.16521201437287686,-0.9958608100383406,0
EVG,8,0.14142680779113398,0.14142680779113398,-1.1093112075801954,0
EVS,8,0.34685687705021573,0.34685687705021573,-0.12945328856666116,0
FCM,8,0.42643027113110243,0.42643027113110243,0.25009494706483987,0
FCN,8,0.4610194414546522,0.4610194414546522,0.4150779633091369,0
FDC,8,0.34263279565044824,0.34263279565044824,-0.14960126215712893,0
FID,8,0.11960147431269244,0.11960147431269244,-1.2134134255324813,0
FIR,8,0.4788470106520076,0.4788470106520076,0.5001116923917074,1
FIT,8,0.12456303462252805,0.12456303462252805,-1.1897478337435583,0
FMC,8,0.5174391820935255,0.5174391820935255,0.6841881761084528,1
FPT,8,0.4702437263893432,0.4702437263893432,0.4590758486873246,0
FRT,8,0.7717318520429785,0.7717318520429785,1.897110351015674,1
FTS,8,0.18698814481359852,0.18698814481359852,-0.8919932801544723,0
GAS,8,0.19626922984913991,0.19626922984913991,-0.8477244703258391,0
GDT,8,0.1969554546698693,0.1969554546698693,-0.844451323277598,0
GDW,5,0.34286931484107436,0.34286931484107436,-0.1484731157140618,0
GEG,8,0.11929663383757348,0.11929663383757348,-1.2148674500317111,0
GEX,8,0.37804074970902973,0.37804074970902973,0.019287179079838044,0
GIL,8,0.5927692048873479,0.5927692048873479,1.043496429472797,1
GKM,8,0.2874510973849584,0.2874510973849584,-0.4128062750603959,0
GLT,8,0.3313681818521028,0.3313681818521028,-0.2033310840607446,0
GMD,8,0.15310159823297365,0.15310159823297365,-1.0536249299650484,0
GMX,8,0.3546052630506865,0.3546052630506865,-0.09249512850023134,0
GSP,8,0.24092352966615815,0.24092352966615815,-0.6347329182540354,0
GTA,8,0.7406720616412228,0.7406720616412228,1.748961729453958,1
HAD,8,0.4980866213564351,0.4980866213564351,0.5918805603839351,1
HAG,8,0.2617003203626328,0.2617003203626328,-0.5356320272839206,0
HAH,8,0.15712645592819485,0.15712645592819485,-1.0344272112484603,0
HAR,8,0.015623125253892693,0.023382459780263654,-1.672357745073038,0
HAS,8,0.3540842032905721,0.3540842032905721,-0.09498047319231478,0
HAT,8,0.6283079368407345,0.6283079368407345,1.213008653568422,1
HAX,8,0.7372800604001841,0.7372800604001841,1.7327826019809307,1
HBS,8,0.0029279853467815992,0.023382459780263654,-1.672357745073038,0
HCC,8,0.4932807810984724,0.4932807810984724,0.5689577202599807,1
HCD,8,0.19298816690832826,0.19298816690832826,-0.8633744456041977,0
HCM,8,0.4214933478853943,0.4214933478853943,0.2265468688535228,0
HCT,8,0.14744386195578757,0.14744386195578757,-1.0806111336638813,0
HDA,8,0.32491066118058887,0.32491066118058887,-0.2341320899212672,0
HDC,8,0.3085076593424675,0.3085076593424675,-0.3123709344324207,0
HDG,8,0.301749587677674,0.301749587677674,-0.34460550487233754,0
HEV,8,0.2954959398289527,0.2954959398289527,-0.37443408054965704,0
HGM,8,0.11251908083189437,0.11251908083189437,-1.2471949423413846,0
HHC,8,0.2770031458560178,0.2770031458560178,-0.46264079091304244,0
HHS,8,0.057230104534713624,0.057230104534713624,-1.5109116487336702,0
HID,8,0.12489990437234343,0.12489990437234343,-1.1881410363880238,0
HII,8,0.6279314198435595,0.6279314198435595,1.2112127472405132,1
HJS,8,0.14475968143190682,0.14475968143190682,-1.0934141062368468,0
HKT,8,0.18539235183727473,0.18539235183727473,-0.8996048746527685,0
HLC,8,0.2346978289666637,0.2346978289666637,-0.6644281919489211,0
HLD,8,0.435931693413418,0.435931693413418,0.2954147188918016,0
HMC,8,0.6246330322659821,0.6246330322659821,1.1954801371142467,1
HMH,8,0.06071591186675023,0.06071591186675023,-1.4942850860752899,0
HOM,8,0.4334945774163832,0.4334945774163832,0.2837901917821048,0
HPG,8,0.28567796352438446,0.28567796352438446,-0.4212637480146752,0
HPX,8,0.3352890416332188,0.3352890416332188,-0.18462941336704042,0
HQC,8,0.32354134325337114,0.32354134325337114,-0.24066344640413598,0
HRC,8,0.12000687782953919,0.12000687782953919,-1.211479736624081,0
HSG,8,0.5448866623791214,0.5448866623791214,0.8151068435255895,1
HSL,8,0.0677674782139111,0.0677674782139111,-1.4606506081644597,0
HT1,8,0.344843112467054,0.344843112467054,-0.139058519100617,0
HTC,8,0.19548525213969428,0.19548525213969428,-0.8514638779485936,0
HTI,8,0.03805296716282333,0.03805296716282333,-1.6023825321619316,0
HTL,8,0.523176863430951,0.523176863430951,0.7115557008117727,1
HTN,8,0.8133647687465699,0.8133647687465699,2.09569054558396,1
HTV,8,0.18201255147205347,0.18201255147205347,-0.9157258065323671,0
HU1,8,0.723502530518938,0.723502530518938,1.6670667026129622,1
HUB,8,0.32056951240691345,0.32056951240691345,-0.2548384500896859,0
HUT,8,0.15014538380444148,0.15014538380444148,-1.067725446644747,0
HVH,7,0.21159762632908521,0.21159762632908521,-0.7746112657651606,0
HVN,8,0.40618815155915816,0.40618815155915816,0.1535443241121019,0
HVT,8,0.43949427045530753,0.43949427045530753,0.3124074568058836,0
ICG,8,0.22502638901081376,0.22502638901081376,-0.7105589120678528,0
IDC,7,0.11597770157622515,0.11597770157622515,-1.2306980539480747,0
IDI,8,0.5145049122683417,0.5145049122683417,0.6701923305387243,1
IDJ,8,0.1805486561259958,0.1805486561259958,-0.9227082772710234,0
IDV,8,0.07367771965259397,0.07367771965259397,-1.4324600083274337,0
IJC,8,0.6048355539928425,0.6048355539928425,1.1010503589790448,1
ILB,8,0.2076163506745052,0.2076163506745052,-0.7936011073788345,0
IMP,8,0.12828912605840254,0.12828912605840254,-1.1719751668035225,0
INC,8,0.2726895665325391,0.2726895665325391,-0.48321565064340194,0
INN,8,0.3260366996087561,0.3260366996087561,-0.22876112512077498,0
ITC,8,0.3382658551465593,0.3382658551465593,-0.17043064341581896,0
ITD,8,0.2739687849450897,0.2739687849450897,-0.47711404976186406,0
ITQ,8,0.4037604974297392,0.4037604974297392,0.14196492810685069,0
IVS,8,0.012943464488365286,0.023382459780263654,-1.672357745073038,0
JVC,8,0.19903929942366147,0.19903929942366147,-0.834511825173146,0
KBC,8,0.22884626825707705,0.22884626825707705,-0.6923388971370977,0
KDC,8,0.2110712121281622,0.2110712121281622,-0.7771221500057975,0
KDH,8,0.23141496404904652,0.23141496404904652,-0.6800867622749723,0
KDM,8,0.14538056385172282,0.14538056385172282,-1.09045262860104,0
KHP,8,0.32731384598759683,0.32731384598759683,-0.2226694074011635,0
KHS,8,0.4512577652470323,0.4512577652470323,0.36851683538185576,0
KKC,8,0.5467616829495562,0.5467616829495562,0.824050294505673,1
KMR,8,0.33799885294093135,0.33799885294093135,-0.17170418738395488,0
KMT,8,0.822989073731941,0.822989073731941,2.1415964418771845,1
KOS,8,0.20953614995900277,0.20953614995900277,-0.7844440714170784,0
KSA,2,0.1968652057193333,0.1968652057193333,-0.8448817916563718,0
KSB,8,0.26688015352516226,0.26688015352516226,-0.5109253202191805,0
KSD,8,0.02609561930575707,0.02609561930575707,-1.659416548800311,0
KST,8,0.5572069896880203,0.5572069896880203,0.8738721952679297,1
KTS,8,0.42919772822091096,0.42919772822091096,0.26329513121879206,0
L10,8,0.6279336351751873,0.6279336351751873,1.211223313903157,1
L14,8,0.2727472035800279,0.2727472035800279,-0.48294073413476163,0
L18,8,0.737154223815945,0.737154223815945,1.7321823881270726,1
LAS,8,0.550289547541655,0.550289547541655,0.8408774613865638,1
LBE,8,0.18537900709511823,0.18537900709511823,-0.8996685262463566,0
LBM,8,0.19539189570059112,0.19539189570059112,-0.8519091683896476,0
LCD,8,0.6401237741448622,0.6401237741448622,1.26936769484209,1
LCG,8,0.5968688049354272,0.5968688049354272,1.0630506533816282,1
LDG,8,0.3935478163547882,0.3935478163547882,0.09325260248800514,0
LDP,8,0.5895107050098898,0.5895107050098898,1.0279540752276393,1
LGC,8,0.2027802738118088,0.2027802738118088,-0.8166681697030698,0
LGL,8,0.5219366889657251,0.5219366889657251,0.705640331289225,1
LHC,8,0.32832615382299224,0.32832615382299224,-0.21784091343935372,0
LHG,8,0.2599251047909691,0.2599251047909691,-0.5440994295591789,0
LIG,8,0.6757321290061375,0.6757321290061375,1.439212005461784,1
LIX,8,0.27976042846348176,0.27976042846348176,-0.449489136884856,0
LM8,8,0.8310516123346192,0.8310516123346192,2.1800530433166903,1
LSS,8,0.3493296498772024,0.3493296498772024,-0.11765868593042977,0
MAC,8,0.2610177642767758,0.2610177642767758,-0.5388876752438809,0
MAS,8,0.39258638073972796,0.39258638073972796,0.08866675824214494,0
MBG,8,0.12566834098933471,0.12566834098933471,-1.1844757564845778,0
MBS,8,0.4719669537733435,0.4719669537733435,0.4672952783188465,0
MCC,8,0.1567593006521942,0.1567593006521942,-1.0361784641492375,0
MCF,8,0.4721168508083521,0.4721168508083521,0.4680102554267233,1
MCO,8,0.5690094112237243,0.5690094112237243,0.9301672461677589,1
MCP,8,0.23678649645375033,0.23678649645375033,-0.6544656904281392,0
MDC,8,0.45239498489461755,0.45239498489461755,0.37394113223072084,0
MDG,8,0.44615577148228647,0.44615577148228647,0.3441814057576802,0
MEL,8,0.741689988302029,0.741689988302029,1.7538170240228754,1
MHC,8,0.20374505525559516,0.20374505525559516,-0.812066366562853,0
MKV,8,0.4406302705258994,0.4406302705258994,0.3178259365308044,0
MSH,8,0.5104643680749128,0.5104643680749128,0.6509197905481823,1
MSN,8,0.24011881087970566,0.24011881087970566,-0.638571256421025,0
MST,8,0.20414125415170634,0.20414125415170634,-0.810176581745766,0
MWG,8,0.6357339127448672,0.6357339127448672,1.248428985763761,1
NAF,8,0.3308866795785017,0.3308866795785017,-0.2056277479206786,0
NAG,8,0.6704473937047308,0.6704473937047308,1.4140049374135175,1
NAP,8,0.10325184829496381,0.10325184829496381,-1.2913976786856887,0
NAV,8,0.42015450151623335,0.42015450151623335,0.2201608552485215,0
NBB,8,0.49487845680147374,0.49487845680147374,0.5765782949657559,1
NBC,8,0.34160123686066723,0.34160123686066723,-0.15452157909388747,0
NBP,8,0.36218394411955035,0.36218394411955035,-0.0563464250130183,0
NBW,8,0.3628192263019948,0.3628192263019948,-0.05331626355943212,0
NCT,8,0.12937651429787195,0.12937651429787195,-1.1667885552167712,0
NDN,8,0.6640202336139973,0.6640202336139973,1.38334874509276,1
NDX,8,0.5215247098753357,0.5215247098753357,0.7036752782877732,1
NET,8,0.48690492234116267,0.48690492234116267,0.5385462244337166,1
NFC,8,0.21389985231241881,0.21389985231241881,-0.7636301354502838,0
NHC,8,0.10132326398401947,0.10132326398401947,-1.3005966173628731,0
NHH,4,0.3923626465956953,0.3923626465956953,0.08759959376337711,0
NKG,8,0.5059883778336178,0.5059883778336178,0.6295702651394705,1
NLG,8,0.2711995505240469,0.2711995505240469,-0.49032271140935413,0
NNC,8,0.20804248590355695,0.20804248590355695,-0.7915685325943204,0
NRC,8,0.3252161285743791,0.3252161285743791,-0.23267507515276076,0
NSH,8,0.7151930553284405,0.7151930553284405,1.6274322659522464,1
NST,8,0.6167062112590675,0.6167062112590675,1.157670879860712,1
NT2,8,0.37316698656559855,0.37316698656559855,-0.003959638821316036,0
NTH,4,0.11696380615462466,0.11696380615462466,-1.2259945439721245,0
NTL,8,0.30813482061860065,0.30813482061860065,-0.31414929617573045,0
NTP,8,0.4277001124914743,0.4277001124914743,0.25615182139360276,0
NVL,8,0.39208825898280864,0.39208825898280864,0.08629082296689188,0
NVT,8,0.1461560230195886,0.1461560230195886,-1.086753852617342,0
OCH,8,0.4457668952894162,0.4457668952894162,0.3423265486840587,0
OGC,8,0.4968196151149564,0.4968196151149564,0.5858372089717971,1
ONE,8,0.6759351186285895,0.6759351186285895,1.440180222966429,1
OPC,8,0.4443741582301698,0.4443741582301698,0.3356834879017293,0
PAC,8,0.6891715571458072,0.6891715571458072,1.5033152311344615,1
PBP,8,0.4493901252959253,0.4493901252959253,0.359608588392705,0
PC1,8,0.3154613024347526,0.3154613024347526,-0.27920352970659995,0
PCE,8,0.37456758047748645,0.37456758047748645,0.0027208974839835645,0
PCT,8,0.09569053706170269,0.09569053706170269,-1.327463531736115,0
PDB,8,0.4300274902815515,0.4300274902815515,0.26725292049933913,0
PDN,8,0.2483262276613386,0.2483262276613386,-0.5994236167539947,0
PDR,8,0.12433754728462972,0.12433754728462972,-1.1908233605857281,0
PEN,8,0.71714479884052,0.71714479884052,1.6367416691135845,1
PET,8,0.623202455194465,0.623202455194465,1.1886565874881336,1
PGC,8,0.5279252857684773,0.5279252857684773,0.7342046696167139,1
PGD,8,0.5403772270291559,0.5403772270291559,0.793597792032399,1
PGI,8,0.7264255410877667,0.7264255410877667,1.6810088439146569,1
PGN,6,0.49780391994655204,0.49780391994655204,0.5905321345366904,1
PGS,8,0.5284767851047585,0.5284767851047585,0.7368352046398234,1
PGT,8,0.3286951093655428,0.3286951093655428,-0.21608107364844092,0
PHC,8,0.7545056125214455,0.7545056125214455,1.8149448371214527,1
PHN,7,0.2776634558918824,0.2776634558918824,-0.4594912518996956,0
PHR,8,0.1372913336171415,0.1372913336171415,-1.129036543471272,0
PIA,7,0.3536618239819983,0.3536618239819983,-0.0969951330316762,0
PIC,8,0.07042048194792239,0.07042048194792239,-1.4479963422757356,0
PIT,8,0.7208554650426297,0.7208554650426297,1.6544407609557215,1
PJC,8,0.4755926067775994,0.4755926067775994,0.48458887521353905,1
PJT,8,0.18276954625302622,0.18276954625302622,-0.9121151017632781,0
PLC,8,0.6822716640642248,0.6822716640642248,1.4704042025751096,1
PLP,8,0.47611668333956664,0.47611668333956664,0.4870886094114833,1
PLX,8,0.5691984480889878,0.5691984480889878,0.9310689119758949,1
PMB,8,0.2692090000854856,0.2692090000854856,-0.49981721539046453,0
PMC,8,0.13279666230781234,0.13279666230781234,-1.1504751736177417,0
PMG,8,0.4704565544942426,0.4704565544942426,0.46009099366939304,0
PMP,8,0.6547044053139497,0.6547044053139497,1.3389142172512691,1
PMS,8,0.5387888587554717,0.5387888587554717,0.7860216117930957,1
PNC,8,0.6344733779915789,0.6344733779915789,1.2424165019795899,1
PNJ,8,0.37466478523181124,0.37466478523181124,0.003184543573547917,0
POT,8,0.42203183285609736,0.42203183285609736,0.22911532810934743,0
POW,8,0.31322757922455846,0.31322757922455846,-0.28985791630291036,0
PPC,8,0.1850478207964565,0.1850478207964565,-0.9012482147436778,0
PPE,8,0.38145732395524423,0.38145732395524423,0.03558351458284024,0
PPP,8,0.25279091364128126,0.25279091364128126,-0.5781280102776214,0
PPS,8,0.940825285283696,0.8579809037929264,2.30850005978324,1
PPY,8,0.49188628921117195,0.49188628921117195,0.5623062893195169,1
PRC,8,0.4162033706898216,0.4162033706898216,0.20131479808035024,0
PSC,8,0.28612324922687526,0.28612324922687526,-0.41913982952804485,0
PSD,8,0.8446729370117174,0.8446729370117174,2.245023876946096,1
PSE,8,0.40100979443647683,0.40100979443647683,0.128844657444803,0
PSI,8,0.06522151173578447,0.06522151173578447,-1.4727943290137633,0
PSW,8,0.2800037037814912,0.2800037037814912,-0.4483287651451597,0
PTB,8,0.48973465034332064,0.48973465034332064,0.5520434276502133,1
PTC,8,0.1979805834067231,0.1979805834067231,-0.8395616763313775,0
PTD,8,0.7275978053336842,0.7275978053336842,1.6866002960749056,1
PTI,8,0.7116766604164602,0.7116766604164602,1.6106598070161724,1
PTL,8,0.3086829185752753,0.3086829185752753,-0.311534985012911,0
PTS,8,0.31031128255253,0.31031128255253,-0.3037680337389127,0
PV2,8,0.06776845154314509,0.06776845154314509,-1.4606459655901707,0
PVB,8,0.09550457159200379,0.09550457159200379,-1.328350547637948,0
PVC,8,0.514046163506322,0.514046163506322,0.6680041961097001,1
PVD,8,0.1322230574626386,0.1322230574626386,-1.153211147236186,0
PVG,8,0.6463615272352776,0.6463615272352776,1.299120455888898,1
PVI,8,0.6691173634718055,0.6691173634718055,1.4076609749110482,1
PVS,8,0.3242650442051431,0.3242650442051431,-0.23721154614849674,0
PVT,8,0.22690864298986108,0.22690864298986108,-0.7015809592607678,0
QCG,8,0.5865689035704346,0.5865689035704346,1.0139223054530782,1
QHD,8,0.40749712128135296,0.40749712128135296,0.15978783243913233,0
QST,8,0.5957314445448018,0.5957314445448018,1.0576256852182717,1
QTC,8,0.4479395641498817,0.4479395641498817,0.3526897189638501,0
RAL,8,0.6998194362275983,0.6998194362275983,1.5541033590683195,1
RCL,8,0.592342075295367,0.592342075295367,1.041459111787723,1
REE,8,0.17972457248965293,0.17972457248965293,-0.9266389816703957,0
S4A,8,0.08059124032670868,0.08059124032670868,-1.3994839790381108,0
S55,8,0.2429290341430188,0.2429290341430188,-0.6251670866775944,0
S99,8,0.4000324155688474,0.4000324155688474,0.12418276726106667,0
SAB,8,0.22674983638998153,0.22674983638998153,-0.7023384331059785,0
SAF,8,0.38485532502659003,0.38485532502659003,0.05179125997563143,0
SAM,8,0.30354488654450795,0.30354488654450795,-0.33604230953288267,0
SAV,8,0.4750157235137197,0.4750157235137197,0.48183726423225653,1
SBA,8,0.08782275057774946,0.08782275057774946,-1.3649912068189989,0
SBT,8,0.4915993759701157,0.4915993759701157,0.560937773929668,1
SBV,8,0.2611852941901094,0.2611852941901094,-0.538088593041146,0
SC5,8,0.7657142738195657,0.7657142738195657,1.8684077774500774,1
SCI,8,0.7777019119212877,0.7777019119212877,1.9255862721398045,1
SCR,8,0.4719276175863493,0.4719276175863493,0.4671076530385305,0
SCS,8,0.06581654667539999,0.06581654667539999,-1.4699561383838575,0
SD5,8,0.6218364008087904,0.6218364008087904,1.1821407974071874,1
SD9,8,0.47901749308879915,0.47901749308879915,0.5009248575059744,1
SDC,8,0.4508104421490222,0.4508104421490222,0.3663831989501313,0
SDG,8,0.44446833364148874,0.44446833364148874,0.3361326846667893,0
SDN,8,0.4368532752104016,0.4368532752104016,0.2998104688667203,0
SDU,8,0.622895174657127,0.622895174657127,1.187190924408939,1
SEB,8,0.09931641750278797,0.09931641750278797,-1.3101688500159185,0
SED,8,0.44359393149451165,0.44359393149451165,0.33196197162946184,0
SFC,8,0.36866892567594034,0.36866892567594034,-0.02541443654802132,0
SFG,8,0.5473549084159137,0.5473549084159137,0.8268798543313958,1
SFI,8,0.27205617324479103,0.27205617324479103,-0.4862368024693659,0
SFN,8,0.10920229875583085,0.10920229875583085,-1.2630152903293623,0
SGC,8,0.31004390579692975,0.31004390579692975,-0.3050433642310843,0
SGD,8,0.4494593796937695,0.4494593796937695,0.35993891720191423,0
SGH,8,0.055562265524593174,0.055562265524593174,-1.5188668875533835,0
SGN,8,0.26227936184616396,0.26227936184616396,-0.5328701220520249,0
SGR,8,0.5397074894004004,0.5397074894004004,0.7904032853977844,1
SGT,8,0.3289500519909655,0.3289500519909655,-0.2148650513235909,0
SHA,8,0.5169979105894524,0.5169979105894524,0.6820834044980434,1
SHE,7,0.253775163816818,0.253775163816818,-0.5734333454105527,0
SHI,8,0.6142765927816993,0.6142765927816993,1.1460821143318038,1
SHN,8,0.5431186540436451,0.5431186540436451,0.8066738182404082,1
SHP,8,0.14098066263815773,0.14098066263815773,-1.1114392254636045,0
SHS,8,0.43309711484277835,0.43309711484277835,0.2818943794910276,0
SJ1,8,0.564056162644594,0.564056162644594,0.9065412995738245,1
SJD,8,0.18469317452767764,0.18469317452767764,-0.9029398023294918,0
SJE,8,0.36639830289337627,0.36639830289337627,-0.036244826288979806,0
SJS,8,0.4804059023352054,0.4804059023352054,0.5075472755377136,1
SKG,8,0.021109369307124544,0.023382459780263654,-1.672357745073038,0
SLS,8,0.4086043508796903,0.4086043508796903,0.165069083105162,0
SMA,8,0.11719704603264364,0.11719704603264364,-1.2248820391556148,0
SMB,8,0.3682549069973835,0.3682549069973835,-0.02738921795303466,0
SMC,8,0.7257604991400933,0.7257604991400933,1.6778367346842302,1
SMN,8,0.5663749599138677,0.5663749599138677,0.917601471412735,1
SMT,8,0.6451765895455268,0.6451765895455268,1.2934685540858781,1
SPM,8,0.21471343907555002,0.21471343907555002,-0.7597494989128288,0
SRA,8,0.05237965301531844,0.05237965301531844,-1.534047275125718,0
SRC,8,0.2501464977418378,0.2501464977418378,-0.5907413140144132,0
SRF,8,0.6948164235193598,0.6948164235193598,1.5302400481188871,1
SSI,8,0.5693848670851442,0.5693848670851442,0.9319580911028712,1
SSM,8,0.6169143129592981,0.6169143129592981,1.1586634808935916,1
ST8,8,0.25739472325465707,0.25739472325465707,-0.5561688135370133,0
STC,8,0.375876026250845,0.375876026250845,0.008961906686040627,0
STG,8,0.19394360322668927,0.19394360322668927,-0.8588172167329049,0
STK,8,0.4162199785859628,0.4162199785859628,0.2013940142272893,0
STP,8,0.1520867490884018,0.1520867490884018,-1.0584655454333647,0
SVC,8,0.5222796843689266,0.5222796843689266,0.7072763467139599,1
SVN,8,0.04508546289397036,0.04508546289397036,-1.5688390170502133,0
SVT,8,0.008516429964979089,0.023382459780263654,-1.672357745073038,0
SZB,8,0.1444915359110076,0.1444915359110076,-1.0946931035766654,0
SZC,8,0.09767620471922439,0.09767620471922439,-1.3179923175863602,0
SZL,8,0.07333000064202069,0.07333000064202069,-1.4341185543588426,0
TA9,8,0.8916967981257725,0.8579809037929264,2.30850005978324,1
TBC,8,0.058074223417307336,0.058074223417307336,-1.5068853804532698,0
TCH,8,0.10276449810129326,0.10276449810129326,-1.2937222358857285,0
TCL,8,0.23001266928780909,0.23001266928780909,-0.6867754112714188,0
TCM,8,0.5127853312848463,0.5127853312848463,0.6619902934652806,1
TCO,8,0.0693424405509333,0.0693424405509333,-1.4531383714035746,0
TCR,8,0.5759647474093196,0.5759647474093196,0.9633427265900615,1
TCT,8,0.0686148246842796,0.0686148246842796,-1.4566089449739965,0
TDC,8,0.5741088608154675,0.5741088608154675,0.9544905406255835,1
TDG,8,0.4102424348494915,0.4102424348494915,0.17288239668485292,0
TDH,8,0.36389704899775766,0.36389704899775766,-0.0481752775901201,0
TDM,8,0.11834584976270504,0.11834584976270504,-1.2194024886869181,0
TDT,8,0.51481010295952,0.51481010295952,0.6716480254943791,1
TDW,8,0.37751101489884453,0.37751101489884453,0.016760456236345873,0
TEG,8,0.1403110323006724,0.1403110323006724,-1.114633220341585,0
TET,8,0.06756696797691143,0.06756696797691143,-1.4616069995256467,0
TFC,8,0.46316802659171175,0.46316802659171175,0.42532625932936285,0
THB,8,0.5319476532763228,0.5319476532763228,0.7533905106669567,1
THG,8,0.5357996506566984,0.5357996506566984,0.7717637222946095,1
THS,8,0.5066450292769117,0.5066450292769117,0.6327023534411674,1
THT,8,0.6260795445665607,0.6260795445665607,1.2023796944078036,1
TIG,8,0.1297986582550147,0.1297986582550147,-1.164775017953887,0
TIP,8,0.16401137472101737,0.16401137472101737,-1.0015876068748468,0
TIX,8,0.08990186371022171,0.08990186371022171,-1.3550742775460565,0
TJC,8,0.15951714719762072,0.15951714719762072,-1.023024120256415,0
TKU,8,0.4557227479192745,0.4557227479192745,0.3898138570176564,0
TLD,8,0.31729929670749957,0.31729929670749957,-0.2704366863240896,0
TLG,8,0.24608532420961143,0.24608532420961143,-0.6101122515815982,0
TLH,8,0.49213308427358204,0.49213308427358204,0.5634834494945008,1
TMB,8,0.831669774643522,0.831669774643522,2.183001546599577,1
TMC,8,0.3968385847417176,0.3968385847417176,0.1089488706886724,0
TMP,8,0.07847353505582833,0.07847353505582833,-1.4095849846372075,0
TMS,8,0.23573425686026434,0.23573425686026434,-0.659484650418249,0
TMT,8,0.7463080190026263,0.7463080190026263,1.7758440523374164,1
TMX,8,0.4072248647235763,0.4072248647235763,0.15848922632415116,0
TN1,6,0.29627501220102104,0.29627501220102104,-0.3707180703472117,0
TNC,8,0.053313841035537726,0.053313841035537726,-1.529591396136041,0
TNG,8,0.5826087722936867,0.5826087722936867,0.9950333180431542,1
TNI,8,0.37137579967750367,0.37137579967750367,-0.012503220893127961,0
TNT,8,0.23331362734901898,0.23331362734901898,-0.6710305404826694,0
TPC,8,0.4925527112315027,0.4925527112315027,0.5654849812042114,1
TPP,8,0.5565989403029517,0.5565989403029517,0.8709719284897522,1
TRA,8,0.1912108532518627,0.1912108532518627,-0.8718518552995735,0
TRC,8,0.04731744317934565,0.04731744317934565,-1.5581929438361268,0
TSB,8,0.4461733406417151,0.4461733406417151,0.3442652069268987,0
TSC,8,0.07733588805401717,0.07733588805401717,-1.415011319875214,0
TTC,8,0.4809521173593834,0.4809521173593834,0.5101526055113409,1
TTE,7,0.08427786779850004,0.08427786779850004,-1.381899546848041,0
TTF,8,0.7515431275437913,0.7515431275437913,1.8008144112505824,1
TTH,8,0.19100669365778278,0.19100669365778278,-0.872825653321077,0
TTL,8,0.533324397023991,0.533324397023991,0.7599572867405402,1
TTT,8,0.06427617930044442,0.06427617930044442,-1.4773033645031106,0
TV2,8,0.5012536222042869,0.5012536222042869,0.6069864836379283,1
TV3,8,0.6019967877213233,0.6019967877213233,1.0875100451320558,1
TV4,8,0.33144084360371673,0.33144084360371673,-0.20298450289575218,0
TVC,8,0.5360236397627296,0.5360236397627296,0.7728321028881078,1
TVD,8,0.30781961071245856,0.30781961071245856,-0.3156527806646312,0
TVS,8,0.6286605131906007,0.6286605131906007,1.214690368079444,1
TVT,8,0.53111734702464,0.53111734702464,0.7494301257104012,1
TXM,8,0.25962674217641923,0.25962674217641923,-0.5455225560355447,0
TYA,8,0.4997163344628155,0.4997163344628155,0.5996539467181091,1
UIC,8,0.3780719824345201,0.3780719824345201,0.01943615256514379,0
UNI,8,0.06147704546105446,0.06147704546105446,-1.490654640043236,0
V12,8,0.864651914785724,0.8579809037929264,2.30850005978324,1
V21,8,0.6885009601879779,0.6885009601879779,1.500116625682176,1
VBC,8,0.6929866171453696,0.6929866171453696,1.5215122592791992,1
VC1,8,0.7287870849824105,0.7287870849824105,1.6922729081025851,1
VC2,8,0.859335506686133,0.8579809037929264,2.30850005978324,1
VC3,8,0.3473356797756895,0.3473356797756895,-0.12716950097951357,0
VC6,8,0.8459960293801785,0.8459960293801785,2.2513347473045533,1
VC7,8,0.465467877431482,0.465467877431482,0.43629606071251253,0
VC9,8,0.8174555555747405,0.8174555555747405,2.1152027323005207,1
VCC,8,0.7915504968481404,0.7915504968481404,1.9916410890254206,1
VCF,8,0.36782391192325903,0.36782391192325903,-0.029444973169200615,0
VCI,8,0.4268192961809374,0.4268192961809374,0.25195051415465414,0
VCM,8,0.49184015497544975,0.49184015497544975,0.562086238786637,1
VCS,8,0.3394466298391723,0.3394466298391723,-0.16479859822739806,0
VDL,8,0.16033663421935895,0.16033663421935895,-1.0191153407351157,0
VDP,8,0.3503141470996778,0.3503141470996778,-0.11296284270178955,0
VDS,8,0.49013435919547765,0.49013435919547765,0.5539499542142088,1
VE1,8,0.09608535630769671,0.09608535630769671,-1.3255803275578681,0
VE3,8,0.5569736126760945,0.5569736126760945,0.8727590363517302,1
VE4,8,0.4518656228782957,0.4518656228782957,0.3714161875349967,0
VGC,8,0.27140274190110913,0.27140274190110913,-0.4893535315779507,0
VGP,8,0.9572110218057895,0.8579809037929264,2.30850005978324,1
VGS,8,0.6001602323042678,0.6001602323042678,1.0787500647864356,1
VHC,8,0.3280426894359668,0.3280426894359668,-0.2191929785259642,0
VHE,6,0.3518857033644568,0.3518857033644568,-0.10546685218407735,0
VHL,8,0.3453127083700813,0.3453127083700813,-0.1368186461064775,0
VHM,8,0.4618411508233329,0.4618411508233329,0.41899734295464514,0
VIC,8,0.4164826939939832,0.4164826939939832,0.20264711107880704,0
VID,8,0.40182589941838687,0.40182589941838687,0.13273730535245878,0
VIG,8,0.06415759014388442,0.06415759014388442,-1.477869009661989,0
VIP,8,0.10102649358827234,0.10102649358827234,-1.3020121492927916,0
VIT,8,0.5855919470041978,0.5855919470041978,1.0092624295575388,1
VJC,8,0.4028686313628813,0.4028686313628813,0.13771091587065754,0
VLA,8,0.024502041655093364,0.024502041655093364,-1.6670175766644282,0
VMC,8,0.7028587893049514,0.7028587893049514,1.5686004294936164,1
VMD,8,0.9605649887640062,0.8579809037929264,2.30850005978324,1
VMS,8,0.20609102770236826,0.20609102770236826,-0.8008765748831398,0
VNC,8,0.32501074687890846,0.32501074687890846,-0.23365470233904925,0
VNF,8,0.5330506915825088,0.5330506915825088,0.7586517697571662,1
VNG,8,0.2126271027399358,0.2126271027399358,-0.7697008813348396,0
VNL,8,0.23630556417064047,0.23630556417064047,-0.6567596355541574,0
VNM,8,0.25704338055914083,0.25704338055914083,-0.5578446437780816,0
VNR,8,0.5725766040083493,0.5725766040083493,0.9471820001970463,1
VNS,8,0.18865534829813302,0.18865534829813302,-0.8840410726571959,0
VNT,8,0.6125925935413203,0.6125925935413203,1.1380497946365935,1
VOS,8,0.34091121237989674,0.34091121237989674,-0.15781284971573328,0
VPD,8,0.21804028581537516,0.21804028581537516,-0.7438811446104661,0
VPG,8,0.8098870920877372,0.8098870920877372,2.079102764514636,1
VPH,8,0.43807943216062484,0.43807943216062484,0.30565897781170076,0
VPI,8,0.3338925673865737,0.3338925673865737,-0.19129029974170242,0
VPS,8,0.37499475747718136,0.37499475747718136,0.004758441293812157,0
VRC,8,0.20106512828378847,0.20106512828378847,-0.8248490505933539,0
VRE,8,0.1477178009262237,0.1477178009262237,-1.07930450279686,0
VSA,8,0.4725987920926108,0.4725987920926108,0.47030901327450886,1
VSC,8,0.11695770557929207,0.11695770557929207,-1.2260236424243214,0
VSH,8,0.06333477044882871,0.06333477044882871,-1.4817936853291322,0
VSI,8,0.38657352090147057,0.38657352090147057,0.05998669037435652,0
VSM,8,0.32481115056854315,0.32481115056854315,-0.23460673446376554,0
VTB,8,0.5092403301227997,0.5092403301227997,0.64508138877537,1
VTC,8,0.8055054477482226,0.8055054477482226,2.0582032490743742,1
VTH,8,0.29861484932847177,0.29861484932847177,-0.35955754284116787,0
VTJ,8,0.04146341162802694,0.04146341162802694,-1.5861154344160258,0
VTO,8,0.17893826482395145,0.17893826482395145,-0.9303895026909916,0
VTV,8,0.6649619527792119,0.6649619527792119,1.3878405460489216,1
WCS,8,0.09691683671309226,0.09691683671309226,-1.3216143421367958,0
WSS,8,0.09472108758912243,0.09472108758912243,-1.3320876003849613,0
X20,8,0.6347599425235039,0.6347599425235039,1.2437833541007415,1
YBM,8,0.5063244810816058,0.5063244810816058,0.6311734064436376,1
YEG,8,0.29865388584692604,0.29865388584692604,-0.3593713469163157,0
