symbol,liab_exp,wc_exp,inv_exp,recv_exp,fixed_exp,liab_exp_high,wc_exp_high,inv_exp_high,recv_exp_high,fixed_exp_high,double_exposure,physical_chain,receivable_heavy,rollover_assetlight,shock_amp_score,shock_amplifier,trade_credit_chain
AAA,0.2704357434654497,-0.3500887932806268,-0.2481878342197584,-0.2489258438494984,1.0698885310378615,1,0,0,1,1,0,0,0,0,-0.0796530498151771,0,0
AAM,-1.4699789290870978,0.510370756047525,0.6864959980102505,-0.1350522940436668,-0.4433683595355663,0,1,1,1,0,0,0,1,0,-0.9596081730395727,0,0
ACC,-0.0063290936268635,0.6586400414378432,0.9494739232496176,-0.5250558278891379,0.4586636328480558,1,1,1,0,1,1,1,0,0,0.6523109478109796,0,0
ACL,0.8685970837187357,0.7363699450282568,1.0388424316393008,-0.5345205935618001,-0.5459665421345564,1,1,1,0,0,1,1,0,1,1.6049670287469925,1,0
ADC,0.8353683200112551,-0.2456595552358637,-0.1527545453648185,-0.249286621975837,-0.4326605198782968,1,0,1,1,1,0,0,0,0,0.5897087647753913,0,0
ADS,0.6431862636360786,0.8050603339443433,0.8626291281301078,-0.3394527320543975,-0.5949700035236536,1,1,1,1,0,1,0,0,1,1.4482465975804218,1,0
AGR,-0.8839493245315804,-0.8841357064287156,-0.8917436624597703,-0.4962787321975587,-0.6269725330119517,0,0,0,0,0,0,0,0,0,-1.768085030960296,0,0
ALT,-1.4373685424903004,0.2496422508998369,0.1128447426995815,0.3784563495053255,-0.5228616353743314,0,1,1,1,0,0,0,1,0,-1.1877262915904636,0,0
AMC,-0.9182689906413444,-1.2445008639769888,-1.1125096293428466,-0.5207154685835744,-0.3959573365009284,0,0,0,0,1,0,0,0,0,-2.162769854618333,0,0
AME,-0.9798383008087606,-1.1728817536919927,-1.0356569087137608,-0.5193465797093519,-0.4880192635039123,0,0,0,0,0,0,0,0,0,-2.152720054500753,0,0
AMV,-0.5035543204057103,-0.8250181184593289,-0.7912277043613393,-0.2666781971225592,-0.6327691583277474,0,0,0,1,0,0,0,0,0,-1.3285724388650392,0,0
ANV,1.821057396940628,1.6854460509070554,2.0829161892081203,-0.1086540407521191,-0.3010242160615391,1,1,1,1,1,1,1,0,0,3.5065034478476833,1,0
APG,-0.8024919577533396,-0.6107061089523837,-0.8622916723546366,0.0906415589080016,-0.6338628330132155,0,0,0,1,0,0,0,0,0,-1.4131980667057233,0,0
API,0.9283978467040342,-0.6422274911359686,-0.8734073342148227,0.095945258715532,-0.6407314955133667,1,0,0,1,0,0,0,0,1,0.2861703555680656,0,1
APS,-0.6185620330693237,-0.6177046840892126,-0.8596397979459994,0.0549476938736065,-0.6307986908528584,0,0,0,1,0,0,0,0,0,-1.2362667171585363,0,0
ARM,-0.4298427172132734,-1.106080532328771,-1.0548218845548885,-0.3188137500614216,-0.6222815787659645,0,0,0,1,0,0,0,0,0,-1.5359232495420443,0,0
ASM,1.2272693709439462,1.7088723318421175,1.883411886511681,0.2729844626846101,-0.5975239330295827,1,1,1,1,0,1,1,1,1,2.9361417027860635,1,1
ASP,-0.0715281901489028,-0.6102729690173437,-0.7568923197368314,-0.0624366881059865,-0.6399770400779535,0,0,0,1,0,0,0,0,0,-0.6818011591662465,0,0
AST,-1.522021772754424,0.594458955495312,0.4133203752794701,0.4398032046843985,-0.6279794620110158,0,1,1,1,0,0,0,1,0,-0.9275628172591119,0,0
ATS,-0.5105887290818333,-1.2424785386120877,-1.1160696532073392,-0.5050050287927247,-0.651563652294339,0,0,0,0,0,0,0,0,0,-1.753067267693921,0,0
BAX,-0.4022775992835237,-1.2150630379964364,-1.0994858848184162,-0.4764103366006143,-0.6564705873795424,0,0,0,0,0,0,0,0,0,-1.61734063727996,0,0
BBS,-0.7590616618200716,-0.822638214396009,-0.8591291014310949,-0.2130702193214783,-0.6473875717376144,0,0,0,1,0,0,0,0,0,-1.5816998762160805,0,0
BCC,0.7540738600941577,0.8432422257053525,0.3466224843952978,1.2363718984654445,0.3892889328378929,1,1,1,1,1,1,0,1,0,1.5973160857995101,1,1
BCE,-0.4720681539575026,-0.9006128413919897,-0.8619802154538222,-0.3434010141980249,-0.6554771296012859,0,0,0,1,0,0,0,0,0,-1.3726809953494922,0,0
BED,-0.8986737376906287,-0.6081351211508923,-0.7939308262391034,0.0484858668415767,-0.655414140973163,0,0,0,1,0,0,0,0,0,-1.506808858841521,0,0
BFC,0.7334245571708253,0.8884104330919275,0.7569041921504456,0.4837822883700902,-0.5976007179528816,1,1,1,1,0,1,0,1,1,1.6218349902627527,1,1
BHN,-0.051977263812021,-0.6669137031553307,-0.9178693245685412,0.1608465244157115,-0.4017377711242694,1,0,0,1,1,0,0,0,0,-0.7188909669673517,0,0
BIC,-0.6074255781350785,-0.8664968693069287,-0.8829609469728408,-0.4511771634003906,-0.6447990642380685,0,0,0,0,0,0,0,0,0,-1.4739224474420072,0,0
BID,0.5534743277525401,-0.5890752348495695,-0.8912748641021608,0.1060204584725905,-0.6486349743233397,1,0,0,1,0,0,0,0,1,-0.0356009070970293,0,1
BKC,-0.9557104114309922,-0.1794484570131152,0.3175323431520239,-0.5503317720308855,-0.6099640287267801,0,0,1,0,0,0,1,0,0,-1.1351588684441074,0,0
BMC,-1.0377628869257054,-1.089527259282553,-1.042210930244215,-0.3235864466563716,-0.6542801257285793,0,0,0,1,0,0,0,0,0,-2.1272901462082586,0,0
BMI,-0.6744066999379501,-0.8066179619319936,-0.889722534859009,-0.3022192234216329,-0.6423114464231567,0,0,0,1,0,0,0,0,0,-1.4810246618699437,0,0
BMP,-0.3712153611573503,-0.6163439019070321,-0.5701634029231914,-0.2583533332398315,-0.2358599239993086,0,0,0,1,1,0,0,0,0,-0.9875592630643824,0,0
BPC,-0.5646740094347121,-0.8431446080909553,-0.9236307954168221,-0.2269239487075866,-0.6513591424455908,0,0,0,1,0,0,0,0,0,-1.4078186175256675,0,0
BRC,-0.5697904889751785,-0.6301252471626804,-0.814868506207079,0.0236663553949116,-0.6310189806882819,0,0,0,1,0,0,0,0,0,-1.1999157361378588,0,0
BTP,-0.2259821105435104,-0.583437281848097,-0.7240798687438868,-0.0739862050295518,0.5894678193828844,0,0,0,1,1,0,0,0,0,-0.8094193923916074,0,0
BTS,-0.9436706432689722,-0.4673257985804701,-0.2013185193336837,-0.5018344621175391,-0.4724904968511877,0,0,0,0,0,0,0,0,0,-1.4109964418494423,0,0
BTT,-0.5212295507145717,-0.2431127963222987,-0.3148085819518514,-0.2066720982372766,-0.6313383462773463,0,0,0,1,0,0,0,0,0,-0.7643423470368703,0,0
BTW,-0.7978279611922244,-0.3065431419082428,0.0129610031469786,-0.5044673340752825,-0.6573777383005245,0,0,1,0,0,0,0,0,0,-1.104371103100467,0,0
BVH,-0.2359463144485148,-1.1564099283108658,-1.0915067152819806,-0.3597988344192571,-0.6494166868169814,0,0,0,1,0,0,0,0,0,-1.3923562427593805,0,0
BVS,-0.5884920535279674,-0.8045920144524698,-0.9076560043666818,-0.2818335859126175,-0.6511817974349068,0,0,0,1,0,0,0,0,0,-1.3930840679804372,0,0
BWE,-0.033545441843626,-0.6637554263386921,-0.7800699518576982,-0.1177326490212879,-0.6024019993430185,1,0,0,1,0,0,0,0,0,-0.6973008681823181,0,0
BXH,-0.9099491660894032,-0.8502400326207053,-0.8995619488375893,-0.4014085546815933,-0.6144877886367911,0,0,0,0,0,0,0,0,0,-1.7601891987101085,0,0
C32,0.4882756356433889,0.5924550719865537,0.3624073285287493,0.5484263425248169,-0.4026399648453235,1,1,1,1,1,1,0,1,0,1.0807307076299427,1,0
C47,0.8699998589269463,0.4736568805263554,0.281708960428208,0.5148338500841069,-0.4882510211652626,1,1,1,1,0,1,0,1,1,1.3436567394533017,1,1
C69,1.1242550184175645,0.2095933530506865,0.0434223786360972,0.3128056624380091,-0.5753398638801158,1,1,1,1,0,1,0,1,1,1.333848371468251,1,1
CAG,1.1595210909271073,1.0220289852056597,0.9254762646803324,0.5548527048384629,-0.2709900974571441,1,1,1,1,1,1,0,1,0,2.181550076132767,1,1
CAN,-0.7026523796367188,-1.1063759431322038,-1.0267811361700947,-0.3960521951650664,-0.6220448063578695,0,0,0,0,0,0,0,0,0,-1.8090283227689225,0,0
CAP,-0.3930272997782217,-0.5870839253530277,-0.876397230281091,0.1376412823550143,-0.6463246017959504,0,0,0,1,0,0,0,0,0,-0.9801112251312495,0,0
CCI,-0.9093107187301088,-1.1063411551430054,-1.0862956939607678,-0.3618863092701652,-0.6405324762653731,0,0,0,1,0,0,0,0,0,-2.015651873873114,0,0
CCL,0.4333299093339234,-0.1803356920238242,-0.2773651268866777,-0.1448151004916081,-0.5426042033767369,1,0,0,1,0,0,0,0,0,0.2529942173100992,0,0
CDC,0.508662689150999,0.028045470242643,-0.0597074801552977,0.1625204651242652,-0.513644361860882,1,1,1,1,0,1,0,0,0,0.536708159393642,0,0
CDN,-0.7014072496788531,-0.8927835696516648,-0.8910337192684308,-0.5020804263183136,-0.5920345874297184,0,0,0,0,0,0,0,0,0,-1.594190819330518,0,0
CEO,1.6268339444297082,-0.2893633958734285,-0.7920312298123988,0.995444569377183,-0.6263921120918412,1,0,0,1,0,0,0,1,1,1.3374705485562796,1,1
CET,-1.2114375748063684,-0.876259634033432,-0.8195242503013926,-0.411730757488755,-0.6389692103337386,0,0,0,0,0,0,0,0,0,-2.0876972088398005,0,0
CHP,-0.5088612769234359,-0.8745263749519036,-0.8096870462169566,-0.4335833556365768,-0.4981671970493435,0,0,0,0,0,0,0,0,0,-1.3833876518753395,0,0
CIA,0.3135779619523753,-0.7952800032973095,-0.921040494182356,-0.1770182982277046,-0.6542878822875165,1,0,0,1,0,0,0,0,0,-0.4817020413449342,0,0
CIG,1.0346750663545414,1.027572493503003,0.4563499013447545,1.3415972361852497,-0.6366174306390114,1,1,1,1,0,1,0,1,1,2.0622475598575444,1,1
CII,0.6626223505588851,0.4631441582974021,0.1155120914065927,0.6009550684893183,-0.4670446283131577,1,1,1,1,0,1,0,1,1,1.1257665088562872,1,1
CJC,-0.5153189921602303,-0.8004300777938392,-0.8459061770062189,-0.3315189954893191,-0.6016805879466085,0,0,0,1,0,0,0,0,0,-1.3157490699540695,0,0
CKV,-0.8348232362151976,-0.9529598131967255,-0.910495437665995,-0.5235105799266302,-0.6484361861210616,0,0,0,0,0,0,0,0,0,-1.7877830494119231,0,0
CLC,-0.1801231815810037,0.6696664585252118,0.4970031373420669,0.3414301870686782,-0.3653126662959926,0,1,1,1,1,0,0,1,0,0.489543276944208,0,0
CLH,-0.3795994532164825,-0.7849721430762477,-0.8340713247427038,-0.2949329099898174,-0.5643622704556108,0,0,0,1,0,0,0,0,0,-1.1645715962927303,0,0
CLL,-0.7666586625207746,-0.6466024013745974,-0.7683192949021891,-0.0730206703296964,-0.6117783337063403,0,0,0,1,0,0,0,0,0,-1.413261063895372,0,0
CLM,-1.1578778871923874,-0.9047486536607392,-0.8971926489269355,-0.518673601067564,-0.6540415870757264,0,0,0,0,0,0,0,0,0,-2.0626265408531264,0,0
CLW,-0.7414932861768045,-0.9365413559197913,-0.8957592950569093,-0.5633408306402399,-0.6257379507628525,0,0,0,0,0,0,0,0,0,-1.6780346420965959,0,0
CMC,-1.5375420498528822,-1.129695866254013,-1.0477990453664797,-0.4375440915266865,-0.6556181768218376,0,0,0,0,0,0,0,0,0,-2.6672379161068954,0,0
CMG,-0.6640966279333705,-0.6752867507643422,-0.737585571401107,-0.1505408152574721,-0.6128837515217011,0,0,0,1,0,0,0,0,0,-1.3393833786977128,0,0
CMS,0.9289758106101784,-0.7483730544546809,-0.9000975627529732,-0.0848566312295015,-0.6497268139736069,1,0,0,1,0,0,0,0,1,0.1806027561554975,0,1
CMV,-0.2605227830995857,-0.4956374983752178,-0.5854730764734792,-0.2590664326963969,-0.5895460481095019,0,0,0,1,0,0,0,0,0,-0.7561602814748035,0,0
CMX,1.7059605837922866,0.8716926171542124,0.7306782105430887,0.488291593723547,-0.5582041053662317,1,1,1,1,0,1,0,1,1,2.577653200946499,1,1
CNG,-0.2280302701985426,-0.5179983176155285,-0.6394864269910303,-0.1729974977387506,-0.5020827414830702,0,0,0,1,0,0,0,0,0,-0.7460285878140711,0,0
COM,-0.7076729802341069,-0.7142970208980299,-0.805017157599603,-0.1495293143820934,-0.5860332765665272,0,0,0,1,0,0,0,0,0,-1.421970001132137,0,0
CPC,-1.0257224302583357,-0.6695325262544914,-0.7611998661253614,-0.1061455926981915,-0.6114148139405054,0,0,0,1,0,0,0,0,0,-1.695254956512827,0,0
CRC,-0.4138202980144527,-0.6521723644706514,-0.7389070652889122,-0.1193561087668407,-0.5656128204543765,0,0,0,1,0,0,0,0,0,-1.0659926624851041,0,0
CRE,1.748506484969541,1.8704928783448636,2.1648699165084165,0.1149646904463715,-0.6216108298070595,1,1,1,1,0,1,1,0,1,3.6189993633144046,1,1
CSC,-1.0848982660543436,-0.7850862367111499,-0.8835300317868637,-0.2249832227787674,-0.6452423106685355,0,0,0,1,0,0,0,0,0,-1.8699845027654935,0,0
CSM,0.3988705098089192,0.3357534922166327,0.3739286810914871,-0.0297818277661963,0.4819290130273713,1,1,1,1,1,1,0,0,0,0.7346240020255519,0,0
CSV,0.0765279488711851,-0.8484195655870151,-0.9035805739794206,-0.3629485696143404,-0.6264113286373735,1,0,0,1,0,0,0,0,0,-0.77189161671583,0,0
CTB,-0.8434327531383599,-0.815447483881932,-0.878463458072585,-0.3169086848782692,-0.5982101393956692,0,0,0,1,0,0,0,0,0,-1.658880237020292,0,0
CTD,-0.1193463913554415,0.2841753099357655,-0.0298235291165087,0.5164269766780188,-0.1468942014196702,0,1,1,1,1,0,0,1,0,0.164828918580324,0,0
CTF,0.6159815360601141,0.398227093900958,0.3692667089275269,0.207248412534121,-0.575425687915492,1,1,1,1,0,1,0,0,0,1.014208629961072,1,0
CTG,0.8284992039335264,-0.5534606332353558,-0.8904332906379013,0.1476073284097609,-0.6487938183774596,1,0,0,1,0,0,0,0,1,0.2750385706981706,0,1
CTI,0.6322671039119946,0.7091253287223986,0.464569630410917,0.4571416739358692,-0.5945233544623534,1,1,1,1,0,1,0,1,1,1.3413924326343932,1,1
CTP,-0.9005244273462705,-0.755413901919751,-0.871651791429082,-0.2568841525557811,-0.6440583378075366,0,0,0,1,0,0,0,0,0,-1.6559383292660214,0,0
CTS,-0.6655127610570956,-0.7993102767293796,-0.8961805398378435,-0.2698157292160463,-0.6388884589087166,0,0,0,1,0,0,0,0,0,-1.4648230377864752,0,0
CTT,-0.714602555756053,-0.5455243629318619,-0.792123972708527,0.1517425080395129,-0.6220285507195884,0,0,0,1,0,0,0,0,0,-1.2601269186879149,0,0
CVT,-0.3527694221385606,0.2128219886914573,-0.0008032435316623,0.3597044161498556,-0.4226300902640627,0,1,1,1,1,0,0,1,0,-0.1399474334471033,0,0
CX8,-0.7491697786535767,-0.8494119499138205,-0.9138370173143001,-0.3085920862137981,-0.651976642030244,0,0,0,1,0,0,0,0,0,-1.5985817285673973,0,0
D11,-0.5074214666916514,-0.7539291527928198,-0.8303360746400622,-0.2151413132419397,-0.6413455852070287,0,0,0,1,0,0,0,0,0,-1.2613506194844712,0,0
D2D,-0.9145881193243928,-0.3955164710543422,-0.8496552195850682,0.7460993758987478,-0.5818455136618019,0,0,0,1,0,0,0,1,0,-1.310104590378735,0,0
DAD,-0.9594606304474667,-0.5983018124226288,-0.719567001289796,-0.1054520950167961,-0.6439266995594914,0,0,0,1,0,0,0,0,0,-1.5577624428700956,0,0
DAE,-0.6676434373894394,-0.5450172360295587,-0.7719843507541078,0.1206563590224721,-0.6360725854477744,0,0,0,1,0,0,0,0,0,-1.212660673418998,0,0
DAH,-0.8360686642370703,-0.2612908207825015,-0.2202712577857341,-0.3511336801109056,-0.5987760312709384,0,0,0,1,0,0,0,0,0,-1.0973594850195717,0,0
DAT,0.3348366196105258,0.5397479305241556,0.4727491820290793,0.1749114162817534,-0.3480633814817888,1,1,1,1,1,1,0,0,0,0.8745845501346814,1,0
DBC,1.3172708292425224,1.5462208205083612,1.4068788557684066,0.4758811173576213,-0.3636182184656353,1,1,1,1,1,1,1,1,0,2.8634916497508836,1,1
DBD,-0.6930205890707419,-0.4657761607835981,-0.595554844567942,-0.067706914196256,-0.5329697985824624,0,0,0,1,0,0,0,0,0,-1.15879674985434,0,0
DBT,-0.8115033972968818,-0.8774992692352317,-0.9214783497970033,-0.3994879005082614,-0.6481159353000615,0,0,0,0,0,0,0,0,0,-1.6890026665321135,0,0
DC2,-0.7173445060214858,-0.6043678890430652,-0.748186303450635,-0.029759141029892,-0.5832154128172761,0,0,0,1,0,0,0,0,0,-1.321712395064551,0,0
DC4,-0.4270076999867886,-0.8678534536176114,-0.8461983433310958,-0.4157752307385122,-0.591085596991504,0,0,0,0,0,0,0,0,0,-1.2948611536044,0,0
DCL,-0.1790225399395682,-0.4532963185925737,-0.5488624656784589,-0.2555807145422308,-0.5579561084113189,0,0,0,1,0,0,0,0,0,-0.6323188585321419,0,0
DCM,0.1169438289537252,-0.4098592991229589,-0.4523489529567202,-0.3274405589922767,0.3382554803625016,1,0,0,1,1,0,0,0,0,-0.2929154701692337,0,0
DGC,0.1625419090820742,-0.0765066086028676,0.0173319161915753,-0.1866887527492463,-0.1808205824734552,1,1,1,1,1,1,0,0,0,0.0860353004792066,0,0
DGW,0.9058447237200145,0.7633109794855047,0.3829753109998545,0.7837722243551881,-0.3496474145249496,1,1,1,1,1,1,0,1,0,1.6691557032055192,1,1
DHA,-0.4626377691301294,-0.5294368182436201,-0.6029344041571464,-0.126487359726375,-0.5173560774654484,0,0,0,1,0,0,0,0,0,-0.9920745873737495,0,0
DHC,-0.2217233315292869,-0.4645087661605689,-0.6506628960755248,0.0937088663762376,-0.3899143186844244,0,0,0,1,1,0,0,0,0,-0.6862320976898558,0,0
DHG,-0.4568898442154186,-0.6292902852610938,-0.5714555558783182,-0.3585420489974075,-0.5970228403043778,0,0,0,1,0,0,0,0,0,-1.0861801294765124,0,0
DHM,1.6077242657570334,2.588042033867638,2.667878895613542,0.7215222046249972,-0.6205792441087938,1,1,1,1,0,1,1,1,1,4.195766299624671,1,1
DIG,1.1461871397800236,1.260771615251163,0.3860930089579798,1.572633806825823,-0.5551922743739679,1,1,1,1,0,1,0,1,1,2.4069587550311866,1,1
DLD,-0.7498204431723346,-0.8908391704566322,-0.9094744070902212,-0.4329938196017561,-0.6477964708720174,0,0,0,0,0,0,0,0,0,-1.6406596136289668,0,0
DLG,0.6427829885622543,0.1263007919643524,-0.4417322955058561,1.2467895091690697,-0.5828348208168656,1,1,0,1,0,1,0,1,0,0.7690837805266067,0,1
DMC,-0.3907446254632198,-0.6628550756064028,-0.6266640766709272,-0.3488235426980281,-0.6048876199369234,0,0,0,1,0,0,0,0,0,-1.0535997010696226,0,0
DNC,-0.458505071664218,-0.857231647133809,-0.9101568235178524,-0.3728774666350014,-0.6394597566891206,0,0,0,1,0,0,0,0,0,-1.315736718798027,0,0
DNP,-0.9410360458099884,-0.8245248154047096,-0.8563227535229837,-0.3227782128647734,-0.6498284568502302,0,0,0,1,0,0,0,0,0,-1.765560861214698,0,0
DP3,-0.7705456836618424,-0.7733637675509929,-0.7572191383290515,-0.3910971229890469,-0.6383131549113019,0,0,0,0,0,0,0,0,0,-1.5439094512128353,0,0
DPG,0.8976918504258926,0.5150498538030219,0.5135334154704851,0.061579125985806,-0.6125869618296415,1,1,1,1,0,1,0,0,1,1.4127417042289146,1,0
DPM,0.0706202045588568,-0.6808185991282617,-0.6835869128531781,-0.3214517505150247,-0.6016587457273857,1,0,0,1,0,0,0,0,0,-0.6101983945694049,0,0
DPR,-1.0994108094760957,-0.8583225465644187,-0.8954361816785867,-0.3851330320765429,-0.5930252409661431,0,0,0,1,0,0,0,0,0,-1.9577333560405143,0,0
DQC,0.9394750587049938,1.5756191112717563,1.1721526760962197,0.8923834622065148,-0.5820732745080743,1,1,1,1,0,1,1,1,1,2.51509416997675,1,1
DRC,0.0287580343547115,-0.1495431299011585,-0.1451863772344126,-0.2346844552929109,-0.0764750279573525,1,0,1,1,1,0,0,0,0,-0.1207850955464469,0,0
DRH,1.3150155459339175,1.4698564526290707,1.667957948718612,0.1611912255670054,-0.624444453136153,1,1,1,1,0,1,1,0,1,2.7848719985629883,1,1
DRL,-1.475782684579096,-0.999359406178973,-0.9416236146404228,-0.4969269499432351,-0.633951716919541,0,0,0,0,0,0,0,0,0,-2.475142090758069,0,0
DS3,-0.8095661366201433,-0.7655103843760306,-0.8224822818586912,-0.3422172264009143,-0.6375593443163893,0,0,0,1,0,0,0,0,0,-1.575076520996174,0,0
DST,-0.695504520557054,-0.7037542836963679,-0.8217027055805535,-0.0766335455216114,-0.6227604133295283,0,0,0,1,0,0,0,0,0,-1.399258804253422,0,0
DTA,0.5355639145888302,0.6299844563732247,0.6063999562791755,0.1610047598153547,-0.589073376410644,1,1,1,1,0,1,0,0,0,1.165548370962055,1,0
DTC,-0.2401615998910419,-0.6874440031884485,-0.7003175022725772,-0.3297817290258408,-0.6188517676334749,0,0,0,1,0,0,0,0,0,-0.9276056030794904,0,0
DTD,-0.573339568868743,-0.5790930893701857,-0.7900949825891407,0.0806750576986318,-0.6426689742110402,0,0,0,1,0,0,0,0,0,-1.1524326582389288,0,0
DTK,-1.0407201978389977,-0.8357822353284522,-0.8745024446519419,-0.3447828325083358,-0.6470850822624404,0,0,0,1,0,0,0,0,0,-1.8765024331674498,0,0
DTT,0.8529005675415079,0.2420663335065484,0.2277900258268649,0.0680350335353145,-0.6370487262635714,1,1,1,1,0,1,0,0,1,1.0949669010480563,1,0
DVP,-0.313258587511106,-0.5623299563627307,-0.6905852046276952,-0.0413238940703052,-0.4972014504634459,0,0,0,1,0,0,0,0,0,-0.8755885438738366,0,0
DXG,1.603982276398859,1.5277314781648608,0.196958088685414,2.207567739348592,-0.6319113967427284,1,1,1,1,0,1,0,1,1,3.13171375456372,1,1
DXS,0.9019489982156494,0.745082867598384,0.0969645939909867,1.0335170237244738,-0.6473139677856243,1,1,1,1,0,1,0,1,1,1.6470318658140334,1,1
DXV,-0.4548973626322889,-0.5949572350896185,-0.729611998049645,-0.0395811066859017,-0.6391024112678592,0,0,0,1,0,0,0,0,0,-1.0498545977219074,0,0
EIB,0.3712118550535556,-0.571555484932744,-0.891266025663635,0.1270269269292362,-0.6483911621331143,1,0,0,1,0,0,0,0,1,-0.2003436298791884,0,1
EID,-0.5828063564864209,-0.5722347948973766,-0.7667854270646554,0.0364995285622199,-0.6222370325310728,0,0,0,1,0,0,0,0,0,-1.1550411513837975,0,0
ELC,0.7159275279446134,0.1759062992217698,-0.3370443459144451,1.0985648800913492,-0.6342995876581703,1,1,0,1,0,1,0,1,1,0.8918338271663832,1,1
EMC,-0.2613753967382908,-0.6406317797821595,-0.7242522620329661,-0.218866879407978,-0.5205504706764918,0,0,0,1,0,0,0,0,0,-0.9020071765204503,0,0
EVE,0.7667090134609435,0.1860574590536405,-0.1080103542720207,0.5357669037948694,-0.6407902525080779,1,1,1,1,0,1,0,1,1,0.952766472514584,1,1
EVF,-1.0484422166061964,-0.8479796951448833,-0.8907812117800299,-0.3988121756783128,-0.6476107720479494,0,0,0,0,0,0,0,0,0,-1.8964219117510797,0,0
FCM,-0.6303186724185313,-0.6201300996532778,-0.7691460364617269,-0.0412699572393418,-0.632841249352456,0,0,0,1,0,0,0,0,0,-1.250448772071809,0,0
FCN,0.7658697921256696,0.715801287466653,0.026630125332643,1.2667972357944601,-0.6140542235660732,1,1,1,1,0,1,0,1,1,1.4816710795923225,1,1
FIR,1.7712839009706584,1.495425942750912,0.7720698659096483,1.3448037142776108,-0.6330251608143329,1,1,1,1,0,1,1,1,1,3.2667098437215704,1,1
FIT,0.4212854859092754,0.0455055283394783,-0.1382493486399332,0.4218518118570928,-0.6496350943363044,1,1,1,1,0,1,0,1,0,0.4667910142487537,0,1
FMC,0.1269349639285302,1.018755651928323,1.0202542916648326,0.4056384193724537,-0.576753548980172,1,1,1,1,0,1,1,1,0,1.1456906158568532,1,0
FPT,-0.7630996780791253,-0.5732836229541876,-0.6402192929419983,-0.2095946270524043,-0.6003037827561261,0,0,0,1,0,0,0,0,0,-1.3363833010333128,0,0
FRT,0.8791037150170788,0.9205325934063466,0.4956182652264607,0.8764925779812799,-0.6486787514833032,1,1,1,1,0,1,0,1,1,1.7996363084234254,1,1
G36,1.2570997035524265,0.2173990315179126,-0.3105808906430151,0.9403588079874323,-0.6311378712955058,1,1,0,1,0,1,0,1,1,1.4744987350703391,1,1
GAS,-0.3631424417237602,-0.8176197405615944,-0.8753331082487865,-0.3071994578882633,-0.5079360880179492,0,0,0,1,0,0,0,0,0,-1.1807621822853546,0,0
GDT,-0.3031313360364536,-0.283558185952979,0.0950501822544636,-0.5082746037113516,-0.6060114229233111,0,0,1,0,0,0,1,0,0,-0.5866895219894326,0,0
GEG,0.6668962702546221,-0.6124665293000275,-0.840038616645224,0.0678566621255766,-0.2899573663108601,1,0,0,1,1,0,0,0,1,0.0544297409545946,0,1
GEX,1.575321909249406,0.4833165450912572,-0.3274369098361098,1.3324333130660094,-0.6495885588214124,1,1,0,1,0,1,0,1,1,2.0586384543406633,1,1
GIL,0.747349360032962,0.9374610143826952,1.508017069419684,-0.1426430447818989,-0.5858379919910735,1,1,1,1,0,1,1,0,1,1.6848103744156573,1,0
GKM,0.9592198384714237,0.9422711370760133,0.8741663667927413,0.4270161216948904,-0.6217148332818077,1,1,1,1,0,1,1,1,1,1.901490975547437,1,1
GMD,0.1449913951233998,-0.7948385302632314,-0.8434683499050594,-0.3433880640105156,-0.5909030578425998,1,0,0,1,0,0,0,0,0,-0.6498471351398316,0,0
GSP,-0.2207283480251258,-0.6253644464399589,-0.7794503705662667,-0.0157582778643799,-0.5551353234498344,0,0,0,1,0,0,0,0,0,-0.8460927944650847,0,0
GVR,-0.1134438811330051,-0.6693745204455254,-0.6032334370216136,-0.3782986439209757,0.5309268073125766,0,0,0,1,1,0,0,0,0,-0.7828184015785305,0,0
HAG,2.0047317648448715,1.3572688805313326,1.4760708472900765,0.4139803704653046,-0.6259081550766185,1,1,1,1,0,1,1,1,1,3.362000645376204,1,1
HAH,0.8284114361631358,0.4951320431580634,0.0633028786329774,0.7890288362650707,-0.605152964279033,1,1,1,1,0,1,0,1,1,1.323543479321199,1,1
HAP,-0.2972834990834054,-0.1839510515604934,-0.2303733630873905,-0.1776078265884249,-0.6282513803062202,0,0,0,1,0,0,0,0,0,-0.4812345506438988,0,0
HAR,0.7343790418178692,0.2168585530990307,-0.2556086268830583,0.8179358367544916,-0.6356721766832065,1,1,0,1,0,1,0,1,1,0.9512375949168999,1,1
HAS,0.1594099538031652,-0.0336956216132238,-0.1782490108694291,0.2189830342752326,-0.5915010124017642,1,1,0,1,0,1,0,0,0,0.1257143321899414,0,0
HAX,0.9798300425390608,0.9270118588980992,0.5772663823392044,0.7351809232429113,-0.6201582660040813,1,1,1,1,0,1,0,1,1,1.90684190143716,1,1
HBC,1.265304577276466,1.51825325595731,0.2406719617507098,2.049443393558213,-0.6299232947969632,1,1,1,1,0,1,0,1,1,2.783557833233776,1,1
HCC,-0.2742583407216196,-0.6318165720333212,-0.7714558940337889,-0.0188861013594989,-0.5403171217563726,0,0,0,1,0,0,0,0,0,-0.9060749127549408,0,0
HCM,-0.733672117803501,-0.7835173443527085,-0.891462450469347,-0.2575070569952965,-0.6408906403626901,0,0,0,1,0,0,0,0,0,-1.5171894621562095,0,0
HDA,0.434283407152687,0.185249523299523,-0.0809025475124341,0.4848827519531109,-0.5865717801820549,1,1,1,1,0,1,0,1,0,0.61953293045221,0,0
HDC,1.6931915341556898,1.5451722773637342,0.6593663408586287,1.495974150355014,-0.6294145375757794,1,1,1,1,0,1,0,1,1,3.238363811519424,1,1
HDG,0.6673457524157875,-0.3122923806082441,-0.5878425542490344,0.3949588419001194,-0.5146191764524256,1,0,0,1,0,0,0,1,1,0.3550533718075434,0,1
HHP,1.6592718129810777,0.998919952020407,1.649903406325742,-0.140973819277844,-0.6257037154451282,1,1,1,1,0,1,1,0,1,2.658191765001485,1,0
HID,0.4243093216373047,-0.2864134624715338,-0.701456221554902,0.7401451868004238,-0.6346012556018284,1,0,0,1,0,0,0,1,0,0.1378958591657709,0,1
HII,1.053300606552309,0.942081956217705,0.5739673235437103,0.7526325826529217,-0.628333455921494,1,1,1,1,0,1,0,1,1,1.995382562770014,1,1
HLD,1.0496423409764575,1.0558463552269486,0.5809587319258384,0.8957468562426065,-0.6290671387434827,1,1,1,1,0,1,0,1,1,2.105488696203406,1,1
HMC,-0.5946693571824242,-0.7152784864504543,-0.7950772422497187,-0.210968903508112,-0.5815116115542769,0,0,0,1,0,0,0,0,0,-1.3099478436328785,0,0
HND,-1.5510832072197438,-0.8542012545470014,-0.7244014513480772,-0.5706070454299997,2.7847074250703325,0,0,0,0,1,0,0,0,0,-2.4052844617667453,0,0
HPG,0.6089082311320121,0.7914119371509672,1.151335724503725,-0.1498414232403875,0.6204691253437253,1,1,1,1,1,1,1,0,0,1.4003201682829793,1,0
HQC,1.3660773615081425,1.7951815236982846,0.5616589340792896,2.0518829556357734,-0.6300575408125679,1,1,1,1,0,1,0,1,1,3.161258885206427,1,1
HSG,1.1143973332319077,1.3451420775973608,1.5360951283589682,0.2318522831053107,-0.5755644300936685,1,1,1,1,0,1,1,1,1,2.4595394108292684,1,1
HT1,-0.2978590103899795,-0.3050088977566666,-0.280943188758155,-0.2664308553397888,0.6480802948076518,0,0,0,1,1,0,0,0,0,-0.6028679081466461,0,0
HTG,0.0320944599616402,0.4077296283861337,0.346476189203892,0.2379562550334532,-0.5019710985626627,1,1,1,1,0,1,0,0,0,0.4398240883477739,0,0
HTI,0.1125533984166227,-0.4648174507488889,-0.4730606122850719,-0.3505804944440731,-0.5589112428138956,1,0,0,1,0,0,0,0,0,-0.3522640523322662,0,0
HTN,1.4865001630702268,1.7769608185180253,0.7206672912593317,1.6753494197077857,-0.6342093837091204,1,1,1,1,0,1,1,1,1,3.263460981588252,1,1
HTP,-0.9413648829487058,-0.7703100300212726,-0.8804107392038172,-0.2812878529922324,-0.6544231613124677,0,0,0,1,0,0,0,0,0,-1.7116749129699784,0,0
HTV,-0.8684976156487698,-0.7706707316144527,-0.8626701977577455,-0.3069495745088767,-0.6442448043961167,0,0,0,1,0,0,0,0,0,-1.6391683472632225,0,0
HUB,-0.748371391680897,-0.5666748728255352,-0.7028924579563148,-0.0996063309247371,-0.6223922111813791,0,0,0,1,0,0,0,0,0,-1.3150462645064322,0,0
HVH,1.8468408205389853,1.4218640164448613,0.4244502174126685,1.689860182720909,-0.6295119035717919,1,1,1,1,0,1,0,1,1,3.2687048369838466,1,1
IBC,1.0945579615063286,0.8475826083673518,0.6324689262489523,0.5830763845089276,-0.6295058172777973,1,1,1,1,0,1,0,1,1,1.9421405698736804,1,1
IDI,1.6068573855814717,1.2942046786858295,1.361927272344546,0.330623658385928,-0.592186739249482,1,1,1,1,0,1,1,1,1,2.9010620642673012,1,1
IDJ,1.4899339110839085,1.3599797263106588,0.7014024543647931,1.108995197609248,-0.6368030210550618,1,1,1,1,0,1,1,1,1,2.8499136373945673,1,1
IDV,-0.6162684895594568,-0.4144121924630183,-0.4790105867918731,-0.3041716516453098,-0.5078132836428637,0,0,0,1,0,0,0,0,0,-1.030680682022475,0,0
IJC,0.6499999375927234,0.4471279585806877,-0.017881585236258,0.9097557681597998,-0.6229678192609868,1,1,1,1,0,1,0,1,1,1.097127896173411,1,1
ILB,-0.9585270527567124,-0.9763210592407912,-0.9993927947390094,-0.4561109544152776,-0.6321537523336178,0,0,0,0,0,0,0,0,0,-1.9348481119975036,0,0
IMP,-0.520886138170689,-0.4282083168155239,-0.4124144608502409,-0.3094526563979863,-0.5223809877387903,0,0,0,1,0,0,0,0,0,-0.9490944549862129,0,0
ITA,0.5879919161014236,-0.2500526104361148,-0.7901418649123304,0.956212195098444,-0.6234189136161246,1,0,0,1,0,0,0,1,1,0.3379393056653088,0,1
ITC,1.654058121954663,1.6376934956403837,0.2261674775789779,2.19887825988854,-0.6311058730615991,1,1,1,1,0,1,0,1,1,3.2917516175950467,1,1
KBC,1.3415718375057855,0.9575231668241317,-0.0077424460505323,1.8302327600870852,-0.6303369678378793,1,1,1,1,0,1,0,1,1,2.299095004329917,1,1
KDC,-0.5551461411355635,-0.2711219294096462,-0.2632901148977305,-0.2886608870182072,-0.3679603521492047,0,0,0,1,1,0,0,0,0,-0.8262680705452097,0,0
KDH,1.489039851028207,1.5734083052294558,0.4390822201120693,1.8946609954773907,-0.633765610803378,1,1,1,1,0,1,0,1,1,3.062448156257663,1,1
KHG,1.3459777353687699,1.0761424345824111,-0.1253137561986834,1.868045055716887,-0.6392128048085806,1,1,0,1,0,1,0,1,1,2.422120169951181,1,1
KHP,-0.4826295299464791,-0.7773592174440565,-0.8145833640534117,-0.3345824162288268,-0.5750761072530579,0,0,0,1,0,0,0,0,0,-1.2599887473905356,0,0
KLB,0.2409434087861927,-0.6076833350064536,-0.8914642924958075,0.0700904230645855,-0.6494514340603861,1,0,0,1,0,0,0,0,1,-0.3667399262202609,0,1
KMR,1.451951528255445,1.1050667657400217,1.5910772131416079,-0.1822682790259765,-0.6382622053278085,1,1,1,1,0,1,1,0,1,2.5570182939954667,1,0
KOS,1.6963621978939485,1.8238014473879754,0.7726485555570215,1.9314911273957383,-0.6261110251444908,1,1,1,1,0,1,1,1,1,3.520163645281924,1,1
KSB,-0.1705634106708349,-0.5751791288140828,-0.6474823808239747,-0.1987604597720684,-0.4892460333368457,0,0,0,1,0,0,0,0,0,-0.7457425394849177,0,0
KSD,-0.6545784637981207,-0.9176510146045024,-0.9259187570265893,-0.4410746171030351,-0.6485704327762259,0,0,0,0,0,0,0,0,0,-1.572229478402623,0,0
KSH,-0.2749309998086468,-0.7921752734258921,-0.831220977499051,-0.335206155373769,-0.6324183853722688,0,0,0,1,0,0,0,0,0,-1.0671062732345388,0,0
KST,-0.3762077498185616,-0.9540972896890085,-0.9310454253966358,-0.5081294254821493,-0.651349045534962,0,0,0,0,0,0,0,0,0,-1.33030503950757,0,0
KSV,-0.3853488051360745,-0.896861157382161,-0.8972547388071447,-0.4319344017864238,-0.6469990203613678,0,0,0,0,0,0,0,0,0,-1.2822099625182356,0,0
L14,-0.7421997799033067,-0.7613543251854105,-0.8415082530508948,-0.2646760723278044,-0.6073203474754192,0,0,0,1,0,0,0,0,0,-1.5035541050887173,0,0
L18,0.7869333816847564,0.6611671864920764,0.1909316889105554,0.7884413250552993,-0.6199584180288675,1,1,1,1,0,1,0,1,1,1.4481005681768328,1,1
LAS,-0.1894498882014322,-0.1265423083717036,-0.0990805408928909,-0.2267984545504752,-0.1116271036168034,0,0,1,1,1,0,0,0,0,-0.3159921965731358,0,0
LCG,1.2471146400548148,1.3192978823191421,0.3857713108416275,1.617419201234485,-0.6215592401313896,1,1,1,1,0,1,0,1,1,2.566412522373957,1,1
LDG,1.7718778372136564,2.1914764996999195,0.4504641873317143,3.076408163116941,-0.6351603128898281,1,1,1,1,0,1,0,1,1,3.963354336913576,1,1
LGC,0.2958159677393902,-0.757134570695452,-0.831425348509956,-0.2503697668500903,-0.4719264370184278,1,0,0,1,0,0,0,0,0,-0.4613186029560618,0,0
LHG,-0.4565589383974847,-0.6224633589115579,-0.7718663965052809,-0.0437082022196801,-0.6089563653329319,0,0,0,1,0,0,0,0,0,-1.0790222973090425,0,0
LIX,-0.6267893878906166,-0.3766180699586194,-0.3210042495054228,-0.4166314930824848,-0.5642637748864018,0,0,0,0,0,0,0,0,0,-1.003407457849236,0,0
LM7,0.2889125644680826,0.1135836911705956,-0.1211865529936047,0.4873843539479701,-0.6427555691261755,1,1,1,1,0,1,0,1,0,0.4024962556386782,0,0
LSS,0.5434053804155565,0.8002995838137649,1.1030179524579617,-0.0955717401070275,-0.6027160085587628,1,1,1,1,0,1,1,0,0,1.3437049642293214,1,0
MBB,0.5074891729154125,-0.5592752282531317,-0.8914706905225791,0.1186513641016107,-0.6488511536080081,1,0,0,1,0,0,0,0,1,-0.0517860553377192,0,1
MBS,-0.5306352036780494,-0.7491359632565191,-0.8629334587193437,-0.2040313803801174,-0.6403361359356018,0,0,0,1,0,0,0,0,0,-1.2797711669345685,0,0
MCH,-0.8753852550838198,-0.4740741086427433,-0.2962416858330669,-0.5082357214304887,-0.5269252328233467,0,0,0,0,0,0,0,0,0,-1.3494593637265631,0,0
MCP,-0.3473892502702757,-0.7878714492981508,-0.8111130399039021,-0.3520994843935172,-0.6194555972130704,0,0,0,1,0,0,0,0,0,-1.1352606995684266,0,0
MIG,-0.5500577615136621,-0.8200944765617931,-0.8777284190214222,-0.3449852131629131,-0.6425934143810629,0,0,0,1,0,0,0,0,0,-1.370152238075455,0,0
MSB,0.2648500333511316,-0.5989493163564476,-0.8914580574889306,0.0796941060553582,-0.6491145371349061,1,0,0,1,0,0,0,0,1,-0.334099283005316,0,1
MSH,0.9173951774805604,1.4110078811088286,1.7910341296890076,-0.0475432505972267,-0.634737473153443,1,1,1,1,0,1,1,0,1,2.328403058589389,1,0
MSN,0.8483142331551302,0.2884302886878136,0.0065354270377901,0.5253140891391805,-0.5065895961906814,1,1,1,1,0,1,0,1,1,1.1367445218429438,1,1
MWG,1.0032862738625168,1.326986266632022,1.257297659425115,0.4872097792313096,-0.5787205280705603,1,1,1,1,0,1,1,1,1,2.330272540494539,1,1
NAB,0.3535478376103236,-0.5850968843290711,-0.8914103440833895,0.0985548616787148,-0.6489536437246763,1,0,0,1,0,0,0,0,1,-0.2315490467187475,0,1
NAF,-0.2299269076069771,0.4498072975620018,0.7663746448084908,-0.052238663208882,-0.5933858369197625,0,1,1,1,0,0,1,0,0,0.2198803899550247,0,0
NAV,-0.6717284520443068,-0.8028786051356814,-0.8622482533344674,-0.3231190314124111,-0.642479676652136,0,0,0,1,0,0,0,0,0,-1.4746070571799882,0,0
NBB,1.6985482483452532,2.4702426311100094,0.5114764379525144,3.576368996788146,-0.6331523788280327,1,1,1,1,0,1,0,1,1,4.168790879455263,1,1
NCT,-0.6379821726374619,-1.083090331726412,-1.050019410038414,-0.3576550863148884,-0.546076812350186,0,0,0,1,0,0,0,0,0,-1.721072504363874,0,0
NHA,1.3479735126113582,1.665076674488828,0.5115403094949403,2.173277670990536,-0.6362066038685483,1,1,1,1,0,1,0,1,1,3.0130501871001863,1,1
NKG,1.2537693254607314,1.2591603421689428,1.5182809974074073,0.0629993166858546,-0.5726286128745305,1,1,1,1,0,1,1,0,1,2.512929667629674,1,0
NLG,1.572978381658944,2.144620246675605,0.5033163234584795,3.004143265137685,-0.6314165571288058,1,1,1,1,0,1,0,1,1,3.717598628334549,1,1
NNC,-0.5481010744756449,-0.5315629517780932,-0.6662474571495291,-0.0039629628634292,-0.5299250802184884,0,0,0,1,0,0,0,0,0,-1.0796640262537382,0,0
NRC,1.5140355746094747,1.5495226138191528,0.2342051429790595,2.112626858803767,-0.6389375552973289,1,1,1,1,0,1,0,1,1,3.0635581884286274,1,1
NSC,-0.6131659207844564,-0.4364189646324086,-0.444048590412555,-0.3671404134783897,-0.5586470602241038,0,0,0,1,0,0,0,0,0,-1.049584885416865,0,0
NTP,-0.0971250239696263,0.0313435018113249,0.3204038586808741,-0.5193752970068664,-0.3937344520912653,0,1,1,0,1,0,1,0,0,-0.0657815221583014,0,0
NVB,0.7294660374569018,-0.5480380933583137,-0.8911850632049753,0.1559046145833384,-0.6489593139409585,1,0,0,1,0,0,0,0,1,0.1814279440985881,0,1
NVT,-1.0065968849537412,-0.9284440658034712,-0.9286069153064044,-0.450053108205956,-0.6321233499482264,0,0,0,0,0,0,0,0,0,-1.9350409507572124,0,0
OCB,0.3831089483729955,-0.5824786088900569,-0.8913502509646067,0.1047994499647012,-0.6486803763234077,1,0,0,1,0,0,0,0,1,-0.1993696605170614,0,1
OGC,0.3528869066864133,-0.527817329890165,-0.8840043489900673,0.2202515316645817,-0.6483511304103362,1,0,0,1,0,0,0,0,1,-0.1749304232037517,0,1
ORS,-0.6384664318679921,-0.8187140222337472,-0.9047181100433539,-0.3175053018584475,-0.6460587091548388,0,0,0,1,0,0,0,0,0,-1.4571804541017394,0,0
PAC,0.0926521916573543,0.5022213817913738,0.4496018500379772,0.1682373470155153,-0.3644445442602604,1,1,1,1,1,1,0,0,0,0.594873573448728,0,0
PAN,0.2022942564595187,0.3591500237938386,0.344256908320061,0.1110216644481572,-0.5652668987625316,1,1,1,1,0,1,0,0,0,0.5614442802533573,0,0
PC1,0.6833451694480293,0.5224468259199698,-0.1747212722366954,1.2489738591152948,-0.5554882460155176,1,1,0,1,0,1,0,1,1,1.2057919953679992,1,1
PDR,1.9141826847599364,2.4200323203876406,0.8119618046073361,3.180955502223353,-0.6354224433555407,1,1,1,1,0,1,1,1,1,4.334215005147577,1,1
PET,0.3081085947149964,0.8794687740372176,0.4949097145038395,0.7994633470904768,-0.6168143162660602,1,1,1,1,0,1,0,1,0,1.187577368752214,1,0
PGC,-0.0957228257329403,-0.514531336818056,-0.5646011526576147,-0.3411671681429865,-0.4777737366230141,0,0,0,1,0,0,0,0,0,-0.6102541625509963,0,0
PGD,-0.6285058083174107,-0.9410330815072199,-0.9524108560532852,-0.4387825073351032,-0.6443030454585409,0,0,0,0,0,0,0,0,0,-1.5695388898246307,0,0
PGS,-0.5152946318237028,-0.8125541109633873,-0.8633707561010731,-0.3408423677714109,-0.6325785282819204,0,0,0,1,0,0,0,0,0,-1.32784874278709,0,0
PIT,-0.4800242909116304,-0.3559377030721203,-0.4518663188666412,-0.2889437616325109,-0.6037650545895997,0,0,0,1,0,0,0,0,0,-0.8359619939837507,0,0
PLC,0.2704971742295275,-0.1283877833399431,-0.1601006583120998,-0.2407363496428644,-0.071341756494269,1,0,1,1,1,0,0,0,0,0.1421093908895844,0,0
PLP,0.8916484607132724,0.9865003480649346,1.4829083973019501,-0.1211958153464724,-0.6382975397579682,1,1,1,1,0,1,1,0,1,1.878148808778207,1,0
PMG,-0.4080929699422976,-0.7416695299563042,-0.8346770923064884,-0.227988602365766,-0.6070157434907598,0,0,0,1,0,0,0,0,0,-1.1497624998986018,0,0
PNJ,0.2832276720674916,0.3159790408766488,0.5460677747500338,-0.2283860258955198,-0.6062303043220326,1,1,1,1,0,1,0,0,0,0.5992067129441404,0,0
POM,1.167588477765413,1.178841289143623,1.2312560364746666,0.396291057017054,-0.5670097306648791,1,1,1,1,0,1,1,1,1,2.346429766909036,1,1
POW,0.3088406087739918,-0.455352462588166,-0.5770954558745902,-0.1365032212572424,-0.1033474222495601,1,0,0,1,1,0,0,0,0,-0.1465118538141742,0,0
PPC,-0.898847905372295,-1.1575899275439214,-1.0717433704701007,-0.4495453390291293,0.9761167849394236,0,0,0,0,1,0,0,0,0,-2.0564378329162164,0,0
PTB,0.545748261872042,0.9412500561129132,1.2399077487794977,0.0322090757649401,-0.453010215015796,1,1,1,1,0,1,1,0,0,1.4869983179849552,1,0
PTI,-0.6283376067465857,-0.8419811321532562,-0.8846407149637243,-0.378893463492419,-0.6456568518823343,0,0,0,1,0,0,0,0,0,-1.470318738899842,0,0
PVB,0.5390713644849345,0.3671687590454125,0.3280893716149403,0.1723574621636915,-0.626312357351547,1,1,1,1,0,1,0,0,0,0.906240123530347,1,0
PVC,-0.4694900854534303,-0.7501235687560794,-0.844672283860886,-0.2344020533311736,-0.6197784997189757,0,0,0,1,0,0,0,0,0,-1.2196136542095098,0,0
PVD,0.3940839866444595,-0.572259374045827,-0.7564855243978105,-0.1013031048633038,-0.5298882545586567,1,0,0,1,0,0,0,0,0,-0.1781753874013675,0,0
PVI,-0.5143865657846121,-0.8128467387422864,-0.8663285403545693,-0.334838067724913,-0.6413603275669451,0,0,0,1,0,0,0,0,0,-1.3272333045268985,0,0
PVS,0.0721875610611534,-0.5542422292112764,-0.6997254534535435,-0.0659333926797428,-0.6158247939787737,1,0,0,1,0,0,0,0,0,-0.482054668150123,0,0
PVT,-0.4176780090016175,-0.6448812530072803,-0.7440606815549774,-0.1402734855331892,-0.5180881412238216,0,0,0,1,0,0,0,0,0,-1.062559262008898,0,0
QCG,1.968289232049387,2.633125469951743,0.8070523329474025,3.575619113585226,-0.6359966262027029,1,1,1,1,0,1,1,1,1,4.60141470200113,1,1
RAL,-0.2056327666868103,0.4629104889035738,0.815102593333628,-0.0977575423085107,-0.5905962045829323,0,1,1,1,0,0,1,0,0,0.2572777222167635,0,0
REE,-0.4164777145896157,-0.8351349585934018,-0.8717140682180074,-0.3535994070875365,-0.2453042699476833,0,0,0,1,1,0,0,0,0,-1.2516126731830176,0,0
S55,0.8224473924646365,0.5507661609674286,0.0783444837533257,0.820629706059191,-0.6307548607597157,1,1,1,1,0,1,0,1,1,1.3732135534320651,1,1
S99,1.2603860073422534,1.3001202534441783,0.147817627964809,1.891320092946098,-0.6340749632015685,1,1,1,1,0,1,0,1,1,2.5605062607864317,1,1
SAB,-1.0844199791294378,-0.3396449163757144,-0.0976538146321485,-0.4981330183483161,-0.2880847204078101,0,0,1,0,1,0,0,0,0,-1.4240648955051522,0,0
SAM,0.2861380678188739,-0.2656550336946027,-0.7614942168456763,0.8974472719232618,-0.6386347433878042,1,0,0,1,0,0,0,1,0,0.0204830341242711,0,1
SAV,-0.8641301396050806,-0.3004587379517625,-0.1059357079654497,-0.4550128640853546,-0.6044312729067021,0,0,1,0,0,0,0,0,0,-1.1645888775568431,0,0
SBA,-1.1917031946874908,-1.073914628083063,-1.0606941192741366,-0.3719942562565539,-0.0953952992165958,0,0,0,1,1,0,0,0,0,-2.265617822770554,0,0
SBT,0.9636414644562624,1.3128053661937118,1.6688944178339398,0.1303366014552836,-0.5705663569053041,1,1,1,1,0,1,1,0,1,2.2764468306499743,1,0
SCR,1.5284195386742054,1.5462539209681406,0.2847467740577735,2.102233726413969,-0.6361605075395449,1,1,1,1,0,1,0,1,1,3.074673459642346,1,1
SD5,0.9361627638601864,0.4780808289674045,-0.0919878987368702,1.057467072363319,-0.6293915834093702,1,1,1,1,0,1,0,1,1,1.4142435928275908,1,1
SD6,0.5672764543500707,0.5184376935015688,-0.0483790356157915,1.0893943898189286,-0.6341969260577626,1,1,1,1,0,1,0,1,0,1.0857141478516395,1,0
SD9,0.2022063277790939,-0.3408692422722979,-0.7256026381535385,0.6685454756046689,-0.6334990487016771,1,0,0,1,0,0,0,1,0,-0.138662914493204,0,1
SDT,1.1393873197788819,0.7886395506299001,-0.0025330490203314,1.5761395271548955,-0.633785620922107,1,1,1,1,0,1,0,1,1,1.928026870408782,1,1
SEA,-0.8679012949800168,-0.5612794871440322,-0.6965507802566761,-0.0633794289809887,-0.614647266139006,0,0,0,1,0,0,0,0,0,-1.429180782124049,0,0
SGC,-0.402204657669906,-0.6172175193016724,-0.7514720877483526,-0.0483776517608187,-0.6044865105237449,0,0,0,1,0,0,0,0,0,-1.0194221769715784,0,0
SGN,-0.7599227967145931,-0.9800128485128426,-0.9869890860012544,-0.4635528403941771,-0.5937674268383465,0,0,0,0,0,0,0,0,0,-1.7399356452274358,0,0
SGP,-0.6356137015174204,-0.5548631319275253,-0.6857455633660864,-0.0816314268198715,-0.6040842530685494,0,0,0,1,0,0,0,0,0,-1.1904768334449458,0,0
SGR,1.1084182680980668,1.108619033158741,0.1841105410976623,1.695792463638831,-0.6390141248482044,1,1,1,1,0,1,0,1,1,2.217037301256808,1,1
SHP,-1.0027304066567577,-1.0202873463038409,-1.013373066653449,-0.4499741927335157,0.6495421862684245,0,0,0,0,1,0,0,0,0,-2.0230177529605986,0,0
SHS,-0.5282106042190596,-0.7967494937323853,-0.9029070324754702,-0.2857513014594702,-0.6415964399027486,0,0,0,1,0,0,0,0,0,-1.324960097951445,0,0
SIP,-0.6615279648985198,-0.609375395730146,-0.781016157537125,-0.0202121893705514,-0.6165654975559203,0,0,0,1,0,0,0,0,0,-1.2709033606286657,0,0
SJS,1.901816342574848,2.494221541857491,0.8394625722071874,3.213943133322958,-0.6334045134865953,1,1,1,1,0,1,1,1,1,4.396037884432339,1,1
SKG,-0.1783361071499348,-0.8357944070155428,-0.8767507471723714,-0.3559469103693174,-0.6503909104439142,0,0,0,1,0,0,0,0,0,-1.0141305141654776,0,0
SMC,1.4558283721613068,1.5137483096433693,1.6178135608677508,0.3372353057258246,-0.6242916439340714,1,1,1,1,0,1,1,1,1,2.969576681804676,1,1
SPM,-0.4979734109339932,-0.5493007960044144,-0.6421444808293424,-0.2854920415283096,-0.6138208695364148,0,0,0,1,0,0,0,0,0,-1.0472742069384076,0,0
SRC,-0.3887075503629342,-0.2527524105052611,-0.2242945964638405,-0.3109398980902331,-0.354154560020135,0,0,0,1,1,0,0,0,0,-0.6414599608681953,0,0
SSC,-0.8807626199815421,-0.6444217761913439,-0.5799772368946437,-0.447705869882638,-0.5571067102754075,0,0,0,0,0,0,0,0,0,-1.525184396172886,0,0
ST8,0.6158266807976352,0.837564472220621,0.8604672229720871,0.3335729673735758,-0.6304784662629495,1,1,1,1,0,1,0,1,0,1.4533911530182563,1,0
STB,0.4718170427142468,-0.5776442907727035,-0.8914145142617663,0.1063693194317343,-0.6488425321938199,1,0,0,1,0,0,0,0,1,-0.1058272480584567,0,1
STK,0.9142191193255688,1.247589572808507,1.7682152076793847,-0.1581850131202156,-0.6385430500334966,1,1,1,1,0,1,1,0,1,2.1618086921340758,1,0
SVC,-0.3805521811526713,-0.2692092025870348,-0.2932047492501078,-0.2527730592946382,-0.579641621699958,0,0,0,1,0,0,0,0,0,-0.6497613837397062,0,0
SZC,-0.7051505804142548,-0.9415668799624243,-0.9642666842685144,-0.4017713135779905,-0.6275995419436676,0,0,0,0,0,0,0,0,0,-1.646717460376679,0,0
TBC,-0.7179699405387104,-0.9647373306840842,-0.9721393860071152,-0.4226620162260504,0.7147325244038532,0,0,0,0,1,0,0,0,0,-1.6827072712227946,0,0
TCB,0.4386603159322403,-0.5796283806054197,-0.891430210395516,0.109202006455973,-0.6491326976389082,1,0,0,1,0,0,0,0,1,-0.1409680646731794,0,1
TCM,0.6414203578081127,0.7803879752068334,1.3777525204226717,-0.1774786891012315,-0.6225254163639994,1,1,1,1,0,1,1,0,0,1.421808333014946,1,0
TCR,-0.4883804868140239,-0.6675979127619545,-0.7650384106633842,-0.1454335303465362,-0.5955861873119432,0,0,0,1,0,0,0,0,0,-1.1559783995759783,0,0
TDC,1.4940918119016766,1.5108827214708366,0.1030309521390542,2.210610094339338,-0.6319027494072293,1,1,1,1,0,1,0,1,1,3.004974533372513,1,1
TDP,0.3240541983020428,0.625191488500443,0.706122862969489,0.1548535859358295,-0.6268361908893506,1,1,1,1,0,1,0,0,0,0.9492456868024858,1,0
TDW,-1.497087680900211,-1.0823986275261894,-1.0655530045386763,-0.3565514688429697,-0.637623197270235,0,0,0,1,0,0,0,0,0,-2.5794863084264006,0,0
TEG,1.2063229538617144,0.3224287743991881,-0.1538101661033561,0.8741695203041345,-0.6388164538685183,1,1,1,1,0,1,0,1,1,1.5287517282609026,1,1
TGG,1.7811486849736462,1.748192917698022,0.6988138151429024,1.7399365543646426,-0.6398106694537341,1,1,1,1,0,1,1,1,1,3.529341602671668,1,1
THG,0.0615226490134778,0.5614082885804609,0.7988177280898901,-0.075942807494005,-0.5257889893810467,1,1,1,1,0,1,1,0,0,0.6229309375939387,0,0
TIP,-0.5530660646533625,-0.7765785783683744,-0.8076940485885643,-0.3412752444473276,-0.6179004949668592,0,0,0,1,0,0,0,0,0,-1.3296446430217369,0,0
TIX,-0.4829615782302557,-0.7414906137305279,-0.7877875585071742,-0.303420449533699,-0.626480608814863,0,0,0,1,0,0,0,0,0,-1.2244521919607836,0,0
TLG,-0.3893306817039116,-0.1120662625749423,0.0721995855597887,-0.500098339565814,-0.4953225281352767,0,1,1,0,0,0,1,0,0,-0.5013969442788539,0,0
TMB,-0.3555364713315417,-0.657339809853034,-0.7650296527950294,-0.2008567514370825,-0.5649934595390917,0,0,0,1,0,0,0,0,0,-1.0128762811845757,0,0
TMP,-0.8329183484648278,-1.0469384565552212,-1.0351075245643544,-0.4124392014768507,0.9321004542011626,0,0,0,0,1,0,0,0,0,-1.879856805020049,0,0
TMS,0.7598253235828647,0.0559469461402295,-0.3294068426017743,0.810180346863139,-0.568909671080576,1,1,0,1,0,1,0,1,1,0.8157722697230942,1,1
TNG,0.6819620280074353,1.0818554301558713,1.6207098452477093,-0.0567858642820109,-0.6254287050321913,1,1,1,1,0,1,1,0,0,1.7638174581633066,1,0
TNI,1.5282986166169683,1.3943440413863508,0.5129298590852293,1.4508960973727058,-0.6383244790776059,1,1,1,1,0,1,0,1,1,2.922642658003319,1,1
TPB,0.8004510316389238,-0.556868700860402,-0.8911137621490203,0.1359732762143764,-0.6484264341496745,1,0,0,1,0,0,0,0,1,0.2435823307785218,0,1
TRA,-0.5473905138456999,-0.3590510238148247,-0.3808141000844104,-0.3145872972041856,-0.6127232135417419,0,0,0,1,0,0,0,0,0,-0.9064415376605246,0,0
TRC,-0.5743490061564676,-0.7031032230749207,-0.7080778974857055,-0.3854067225926923,-0.5522509766032838,0,0,0,1,0,0,0,0,0,-1.2774522292313884,0,0
TSC,0.9340604513273394,1.4003867848838212,1.999125060866636,-0.014633815632165,-0.6371967145392949,1,1,1,1,0,1,1,0,1,2.3344472362111607,1,0
TTA,-0.6117808422154344,-0.957459861335855,-0.974527599956063,-0.4081998934427065,0.7627348170048673,0,0,0,0,1,0,0,0,0,-1.5692407035512894,0,0
TTB,0.5113393383985688,0.2883352814777181,0.1769629851160785,0.2549479262985453,-0.644014641165827,1,1,1,1,0,1,0,0,0,0.7996746198762869,1,0
TTF,1.4676067744299928,1.5342197489428096,1.3596139956447338,0.5465936037777069,-0.6291784256561726,1,1,1,1,0,1,1,1,1,3.0018265233728024,1,1
TV2,-0.4382574039427151,-0.7672475688129258,-0.8481106872492966,-0.2491395526424537,-0.6172043451677171,0,0,0,1,0,0,0,0,0,-1.205504972755641,0,0
TV4,-0.4669421405975333,-0.743509128260686,-0.8254837332617155,-0.241710960402167,-0.6124502495745878,0,0,0,1,0,0,0,0,0,-1.2104512688582192,0,0
TVB,-0.6391461442042044,-0.8191823085596366,-0.9056166779019128,-0.3163382102702405,-0.6454598999065146,0,0,0,1,0,0,0,0,0,-1.458328452763841,0,0
TVS,-0.5078147911274095,-0.7954648148772834,-0.9026463341555424,-0.2831431678984308,-0.6428148821534579,0,0,0,1,0,0,0,0,0,-1.303279606004693,0,0
VC1,1.6272318008359028,1.8658545170883363,0.4410894868764899,2.524628317879715,-0.6333622693319005,1,1,1,1,0,1,0,1,1,3.493086317924239,1,1
VC2,1.4739362940042562,1.395942737618709,0.4055788614077821,1.796857051250421,-0.6358825124738412,1,1,1,1,0,1,0,1,1,2.869879031622965,1,1
VC3,1.125007041925431,1.0163996373506255,-0.0360219582465423,1.6609296668476496,-0.6345605320592616,1,1,1,1,0,1,0,1,1,2.1414066792760565,1,1
VC7,0.9599634888954834,0.9900229286340923,0.097121328236192,1.482453505747671,-0.6330379900946081,1,1,1,1,0,1,0,1,1,1.9499864175295757,1,1
VCB,0.1701667371505082,-0.6072390500345393,-0.8913493789763321,0.0617530955274913,-0.6485761875566816,1,0,0,1,0,0,0,0,1,-0.437072312884031,0,1
VCG,1.356132457210076,1.557044083988202,0.1788661429063325,2.231747781925076,-0.6343581399510631,1,1,1,1,0,1,0,1,1,2.913176541198278,1,1
VCI,-0.5880971698913594,-0.8073575145405151,-0.9062190344621393,-0.3016061532323054,-0.6432426229520033,0,0,0,1,0,0,0,0,0,-1.3954546844318746,0,0
VCP,-0.568463902324426,-0.6592551609084101,-0.7751487293543509,-0.1091898854077815,-0.6291072591039344,0,0,0,1,0,0,0,0,0,-1.227719063232836,0,0
VCS,-0.6714426440888917,-0.3462509816848387,-0.1577199203662069,-0.4508587378591867,-0.543185529609522,0,0,1,0,0,0,0,0,0,-1.0176936257737303,0,0
VDP,-0.6648212962143141,-0.6092132695741758,-0.7350889867067512,-0.1567234981034609,-0.5944327062043396,0,0,0,1,0,0,0,0,0,-1.2740345657884899,0,0
VDS,-0.6186286690318337,-0.8121209704255261,-0.8962662512157844,-0.3221856034713636,-0.6459191534695868,0,0,0,1,0,0,0,0,0,-1.4307496394573598,0,0
VE1,-0.6895195958070432,-0.6514132144295299,-0.7721784678894556,-0.0922568787005499,-0.6279746644697148,0,0,0,1,0,0,0,0,0,-1.340932810236573,0,0
VFG,-0.6582432310029952,-0.5472244546375759,-0.7274700167067083,0.0448897112061913,-0.6297152680339503,0,0,0,1,0,0,0,0,0,-1.205467685640571,0,0
VGC,0.7214841789307341,-0.1107291987394931,-0.1231365908911774,-0.1961383560896871,-0.1912403531203555,1,0,1,1,1,0,0,0,0,0.610754980191241,0,0
VHC,0.2734942420693414,1.170434837976311,1.2223214802189104,0.519842767321484,-0.5940099817894177,1,1,1,1,0,1,1,1,0,1.4439290800456523,1,0
VHM,1.257474806937565,1.7246890959978267,0.4365950100786938,2.495872306093661,-0.6338529685627486,1,1,1,1,0,1,0,1,1,2.9821639029353917,1,1
VIB,0.8101463149882384,-0.5523876736148787,-0.8911749312835821,0.1459219181507544,-0.6485701503446134,1,0,0,1,0,0,0,0,1,0.2577586413733597,0,1
VIC,0.6322495891184557,-0.4959452796959837,-0.7526359586747224,0.3070157345298784,-0.4508345650295075,1,0,0,1,0,0,0,1,1,0.1363043094224719,0,1
VIP,-0.6265065420012688,-0.7252131483190504,-0.8190600352413565,-0.1951358830379429,-0.6163631349488871,0,0,0,1,0,0,0,0,0,-1.351719690320319,0,0
VIX,-0.6509865318142724,-0.8214373692757608,-0.9113110256035658,-0.3093331669937071,-0.6476217583549548,0,0,0,1,0,0,0,0,0,-1.4724239010900333,0,0
VJC,-0.4825854280632919,-0.5549030364508668,-0.7233092298191087,-0.0049938081796426,-0.5215067670970654,0,0,0,1,0,0,0,0,0,-1.0374884645141587,0,0
VLC,-0.4201233436470451,-0.7022693630772554,-0.8001928554916898,-0.1762078411386774,-0.593014339793014,0,0,0,1,0,0,0,0,0,-1.1223927067243004,0,0
VND,-0.5147821293263061,-0.7910016995063869,-0.9005898957100876,-0.2768685426522607,-0.6442260200242756,0,0,0,1,0,0,0,0,0,-1.305783828832693,0,0
VNE,0.4924873252274478,0.5534591004483461,-0.1110225451214701,1.2311006984803313,-0.6413949163313284,1,1,1,1,0,1,0,1,0,1.045946425675794,1,0
VNF,-0.443550044914863,-0.7132434624114527,-0.8026058587082104,-0.1908949649552312,-0.6028624816433285,0,0,0,1,0,0,0,0,0,-1.1567935073263156,0,0
VNM,-0.8902464163073076,-0.3985658078611317,-0.3939149161527952,-0.3731325667907319,-0.5503829195303174,0,0,0,1,0,0,0,0,0,-1.2888122241684392,0,0
VNR,-0.6458502573053331,-0.7864726789702585,-0.8759211030085249,-0.2856080182022238,-0.6390054510659322,0,0,0,1,0,0,0,0,0,-1.4323229362755916,0,0
VOS,-0.4328117436110076,-0.6615240504955737,-0.7870280148219201,-0.1431670432176325,-0.5808956996061917,0,0,0,1,0,0,0,0,0,-1.0943357941065814,0,0
VPB,0.5962808635643212,-0.5649866656652702,-0.8913178664456984,0.1313825193836032,-0.6488346838817647,1,0,0,1,0,0,0,0,1,0.031294197899051,0,1
VPG,0.6858778805646081,0.2439489715141651,0.0569617286400087,0.3693393223430038,-0.6259613587519574,1,1,1,1,0,1,0,1,1,0.9298268520787733,1,1
VPH,1.456196876772474,1.4811467599050034,0.3347671180060482,2.011961032648549,-0.6358431620571884,1,1,1,1,0,1,0,1,1,2.9373436366774775,1,1
VPI,1.681076913102069,1.866817578113563,0.397523229387021,2.629542934076241,-0.6359672684796029,1,1,1,1,0,1,0,1,1,3.547894491215632,1,1
VPS,-0.6051549109562705,-0.804456718861016,-0.9031495899817614,-0.312350667226215,-0.6453053723944652,0,0,0,1,0,0,0,0,0,-1.4096116298172864,0,0
VRC,1.2552057134752833,1.0453595868223094,0.1809334573235721,1.649165477608995,-0.6383135122448083,1,1,1,1,0,1,0,1,1,2.3005653002975925,1,1
VRE,0.7344086066992187,0.8530590869558099,-0.4144849709308197,2.108832331780205,-0.6408554230579693,1,1,0,1,0,1,0,1,1,1.5874676936550286,1,1
VSC,-0.5389087044820747,-0.6937512979639453,-0.8081769396922266,-0.1609252561282703,-0.5993617613877229,0,0,0,1,0,0,0,0,0,-1.23266000244602,0,0
VSH,-1.0388891841527057,-1.0631578457670408,-1.0532266898235034,-0.4200297134215488,0.8460797057596291,0,0,0,0,1,0,0,0,0,-2.1020470299197465,0,0
VSI,-0.6576255777928307,-0.7682950042410787,-0.8558449308368736,-0.2583615222410914,-0.6392264537246026,0,0,0,1,0,0,0,0,0,-1.4259205820339093,0,0
VTC,-0.4111233151234594,-0.6663975887404048,-0.7746941935339546,-0.1305163786660869,-0.5950405135870221,0,0,0,1,0,0,0,0,0,-1.0775209038638642,0,0
VTH,-0.4270625421073965,-0.7062650789072988,-0.8114373565519944,-0.1786955766643141,-0.6056892833227198,0,0,0,1,0,0,0,0,0,-1.1333276210146952,0,0
VTJ,-0.5192653952545424,-0.8042638733763893,-0.870026374669406,-0.3186163244326608,-0.6400193571976562,0,0,0,1,0,0,0,0,0,-1.3235292686309317,0,0
VTO,-0.5266510557671008,-0.6930036064435935,-0.8062015216192478,-0.1617545925280527,-0.5890889564867337,0,0,0,1,0,0,0,0,0,-1.2196546622106943,0,0
VTV,-0.3661250594296625,-0.675621923240675,-0.7722430404595405,-0.1519009321971809,-0.604098869960434,0,0,0,1,0,0,0,0,0,-1.0417469826703374,0,0
WCS,-0.8778224848947411,-0.8707878722143017,-0.9296982030333011,-0.3600169775780772,-0.641115754273107,0,0,0,1,0,0,0,0,0,-1.7486103571090428,0,0
WSS,-0.6601112727058088,-0.8237024081380186,-0.9110343321087096,-0.311695883188505,-0.6477861563349112,0,0,0,1,0,0,0,0,0,-1.4838136808438273,0,0
X20,-0.476940849095855,-0.7500607579598055,-0.8442954522988424,-0.2327617794880257,-0.6210952658818033,0,0,0,1,0,0,0,0,0,-1.2270016070556605,0,0
YBM,-0.6272618783254996,-0.8618806552327041,-0.8896702811132352,-0.3987503965392135,-0.6433078345174851,0,0,0,0,0,0,0,0,0,-1.4891425335582038,0,0
YEG,0.2900701462994777,-0.1929527801405161,-0.7475378869308875,0.9689779472318166,-0.6427639729523923,1,0,0,1,0,0,0,1,0,0.0971173661589616,0,1
