symbol,HighLiab_TopTercile,CashConversionTrap,DoubleExposure_TopTercile,FragileLowMarginFunding,AssetCommitmentMismatch
AAA,0,0,0,0,0
AAM,0,1,0,0,0
ACC,0,0,0,0,0
ACL,1,0,1,0,0
ADC,1,0,0,0,0
ADS,1,0,0,1,0
AGR,0,0,0,0,0
ALT,0,0,0,0,0
AMC,0,0,0,0,0
AME,1,0,0,1,0
AMV,0,0,0,0,0
ANV,0,0,0,0,0
APG,0,0,0,0,0
API,1,1,1,0,1
APS,0,0,0,0,0
ARM,1,0,1,0,0
ASM,0,0,0,0,0
ASP,1,0,0,0,0
AST,0,0,0,0,0
ATS,0,0,0,0,0
BAX,0,0,0,0,0
BBS,1,0,0,1,0
BCC,1,0,0,0,1
BCE,1,0,0,0,0
BED,0,0,0,0,0
BFC,1,0,1,0,1
BHN,0,0,0,0,0
BIC,1,0,0,0,0
BID,0,0,0,0,0
BKC,1,0,1,1,1
BMC,0,0,0,0,0
BMI,1,0,0,1,0
BMP,0,0,0,0,0
BPC,1,0,0,0,0
BRC,0,0,0,0,0
BTP,0,0,0,0,0
BTS,1,0,0,1,1
BTT,0,0,0,0,0
BTW,0,0,0,0,0
BVH,0,0,0,0,0
BVS,0,0,0,0,0
BWE,0,0,0,0,0
BXH,1,0,0,0,0
C32,0,0,0,0,0
C47,1,1,1,0,0
C69,1,0,1,1,1
CAG,0,0,0,0,0
CAN,1,1,1,0,0
CAP,0,0,0,0,0
CCI,0,0,0,0,0
CCL,0,0,0,0,0
CDC,1,1,1,1,0
CDN,0,0,0,0,0
CEO,1,0,1,0,1
CET,0,0,0,0,0
CHP,0,0,0,0,0
CIA,0,0,0,0,0
CIG,1,1,1,0,0
CII,0,0,0,0,0
CJC,1,0,1,0,0
CKV,1,0,0,1,0
CLC,0,0,0,0,0
CLH,1,0,0,0,0
CLL,0,0,0,0,0
CLM,1,0,0,1,0
CLW,0,0,0,0,0
CMC,0,0,0,0,0
CMG,1,0,0,0,1
CMS,0,0,0,0,0
CMV,1,1,1,1,0
CMX,1,1,1,0,1
CNG,0,0,0,0,0
COM,0,0,0,0,0
CPC,0,0,0,0,0
CRC,0,1,0,0,0
CRE,0,0,0,0,0
CSC,0,0,0,0,0
CSM,1,0,1,0,1
CSV,0,0,0,0,0
CTB,1,0,1,0,0
CTD,0,0,0,0,0
CTF,1,1,1,1,1
CTG,0,0,0,0,0
CTI,0,0,0,0,0
CTP,0,0,0,0,0
CTS,0,0,0,0,0
CTT,1,0,0,1,1
CVT,0,0,0,0,0
CX8,1,0,1,1,0
D11,1,1,1,0,0
D2D,0,0,0,0,0
DAD,0,0,0,0,0
DAE,0,0,0,0,0
DAH,0,0,0,0,0
DAT,1,0,0,1,0
DBC,1,0,1,0,1
DBD,0,0,0,0,0
DC2,1,0,1,1,0
DCL,0,0,0,0,0
DCM,0,0,0,0,0
DGW,1,0,1,1,0
DHA,0,0,0,0,0
DHC,0,0,0,0,0
DHG,0,0,0,0,0
DHM,0,0,0,0,0
DHP,0,0,0,0,0
DHT,1,0,1,1,1
DIG,0,1,0,0,0
DIH,1,1,1,1,0
DL1,0,0,0,0,0
DLG,0,0,0,0,0
DMC,0,0,0,0,0
DNC,0,0,0,0,0
DNP,0,0,0,0,0
DP3,0,0,0,0,0
DPG,0,0,0,0,0
DPM,0,0,0,0,0
DPR,0,0,0,0,0
DQC,0,0,0,0,0
DRC,0,0,0,0,0
DRH,1,1,1,0,0
DRL,0,0,0,0,0
DS3,0,0,0,0,0
DSN,0,0,0,0,0
DST,0,0,0,0,0
DTA,0,0,0,0,0
DTD,0,0,0,0,0
DTL,1,0,1,1,1
DTT,0,0,0,0,0
DVP,0,0,0,0,0
DXG,0,1,0,0,0
DXP,0,0,0,0,0
DXV,0,0,0,0,0
EBS,0,0,0,0,0
ECI,0,0,0,0,0
EIB,0,0,0,0,0
EID,0,0,0,0,0
ELC,0,0,0,0,0
EVE,0,0,0,0,0
EVG,0,0,0,0,0
EVS,0,0,0,0,0
FCM,0,0,0,0,0
FCN,0,0,0,0,0
FDC,0,0,0,0,0
FID,0,0,0,0,0
FIR,1,1,1,0,0
FIT,0,0,0,0,0
FMC,1,0,1,1,1
FPT,0,0,0,0,0
FRT,1,1,1,0,0
FTS,0,0,0,0,0
GAS,0,0,0,0,0
GDT,0,0,0,0,0
GDW,0,0,0,0,0
GEG,0,0,0,0,0
GEX,0,0,0,0,0
GIL,1,0,1,0,0
GKM,0,0,0,0,0
GLT,0,0,0,0,0
GMD,0,0,0,0,0
GMX,0,1,0,0,0
GSP,0,0,0,0,0
GTA,1,0,0,1,0
HAD,1,0,0,0,1
HAG,0,0,0,0,0
HAH,0,0,0,0,0
HAR,0,0,0,0,0
HAS,0,0,0,0,0
HAT,1,0,0,1,0
HAX,1,0,1,1,1
HBS,0,0,0,0,0
HCC,1,0,0,1,1
HCD,0,0,0,0,0
HCM,0,0,0,0,0
HCT,0,0,0,0,0
HDA,0,0,0,0,0
HDB,0,0,0,0,0
HDC,0,0,0,0,0
HDG,0,0,0,0,0
HEV,0,0,0,0,0
HGM,0,0,0,0,0
HHC,0,0,0,0,0
HHS,0,0,0,0,0
HID,0,0,0,0,0
HII,1,0,0,1,1
HJS,0,0,0,0,0
HKT,0,0,0,0,0
HLC,0,0,0,0,0
HLD,0,0,0,0,0
HMC,1,0,1,1,0
HMH,0,0,0,0,0
HOM,0,0,0,0,0
HPG,0,0,0,0,0
HPX,0,0,0,0,0
HQC,0,0,0,0,0
HRC,0,0,0,0,0
HSG,1,0,0,0,1
HSL,0,0,0,0,0
HT1,0,0,0,0,0
HTC,0,0,0,0,0
HTI,0,0,0,0,0
HTL,1,0,1,1,0
HTN,1,1,1,0,0
HTV,0,0,0,0,0
HU1,1,0,1,1,0
HUB,0,0,0,0,0
HUT,0,0,0,0,0
HVH,0,0,0,0,0
HVN,0,0,0,0,0
HVT,0,0,0,0,0
ICG,0,1,0,0,0
IDC,0,0,0,0,0
IDI,1,0,0,1,1
IDJ,0,0,0,0,0
IDV,0,0,0,0,0
IJC,1,0,1,0,0
ILB,0,0,0,0,0
IMP,0,0,0,0,0
INC,0,0,0,0,0
INN,0,0,0,0,0
ITC,0,0,0,0,0
ITD,0,0,0,0,0
ITQ,0,0,0,0,0
IVS,0,0,0,0,0
JVC,0,0,0,0,0
KBC,0,1,0,0,0
KDC,0,0,0,0,0
KDH,0,1,0,0,0
KDM,0,0,0,0,0
KHP,0,0,0,0,0
KHS,0,0,0,0,0
KKC,1,0,1,1,0
KMR,0,0,0,0,0
KMT,1,0,0,1,0
KOS,0,0,0,0,0
KSB,0,0,0,0,0
KSD,0,0,0,0,0
KST,1,0,0,0,0
KTS,0,0,0,0,0
L10,1,0,1,1,0
L14,0,0,0,0,0
L18,1,0,0,1,1
LAS,1,0,1,0,0
LBE,0,0,0,0,0
LBM,0,0,0,0,0
LCD,1,1,1,0,0
LCG,1,0,0,0,0
LDG,0,1,0,0,0
LDP,1,0,1,0,1
LGC,0,0,0,0,0
LGL,1,1,1,1,0
LHC,0,0,0,0,0
LHG,0,0,0,0,0
LIG,1,0,0,1,0
LIX,0,0,0,0,0
LM8,1,1,1,1,0
LSS,0,0,0,0,0
MAC,0,0,0,0,0
MAS,0,0,0,0,0
MBB,0,0,0,0,0
MBG,0,0,0,0,0
MBS,0,0,0,0,0
MCC,0,0,0,0,0
MCF,0,0,0,0,0
MCO,1,0,0,1,0
MCP,0,0,0,0,0
MDC,0,0,0,0,0
MDG,0,0,0,0,0
MEL,1,1,1,1,0
MHC,0,0,0,0,0
MKV,0,0,0,0,0
MSH,1,0,0,0,1
MSN,0,0,0,0,0
MST,0,0,0,0,0
MWG,1,1,1,0,1
NAF,0,0,0,0,0
NAG,1,0,1,0,0
NAP,0,0,0,0,0
NAV,0,0,0,0,0
NBB,1,1,1,0,0
NBC,0,0,0,0,0
NBP,0,0,0,0,0
NBW,0,0,0,0,0
NCT,0,0,0,0,0
NDN,1,0,1,0,0
NDX,1,0,0,1,0
NET,1,0,0,0,0
NFC,0,0,0,0,0
NHC,0,0,0,0,0
NHH,0,0,0,0,0
NKG,1,0,1,0,0
NLG,0,1,0,0,0
NNC,0,0,0,0,0
NRC,0,0,0,0,0
NSH,1,0,1,1,0
NST,1,0,1,0,1
NT2,0,0,0,0,0
NTH,0,0,0,0,0
NTL,0,1,0,0,0
NTP,0,0,0,0,0
NVB,0,0,0,0,0
NVL,0,1,0,0,0
NVT,0,0,0,0,0
OCH,0,0,0,0,0
OGC,1,0,1,0,0
ONE,1,1,1,1,0
OPC,0,0,0,0,0
PAC,1,0,0,0,1
PBP,0,0,0,0,0
PC1,0,0,0,0,0
PCE,0,0,0,0,0
PCT,0,0,0,0,0
PDB,0,0,0,0,0
PDN,0,0,0,0,0
PDR,0,0,0,0,0
PEN,1,0,1,1,0
PET,1,0,0,1,0
PGC,1,0,0,0,0
PGD,1,0,0,1,0
PGI,1,0,0,0,0
PGN,1,0,0,0,1
PGS,1,0,0,0,0
PGT,0,0,0,0,0
PHC,1,1,1,1,0
PHN,0,0,0,0,0
PHR,0,0,0,0,0
PIA,0,0,0,0,0
PIC,0,0,0,0,0
PIT,1,0,1,0,0
PJC,1,0,0,1,1
PJT,0,0,0,0,0
PLC,1,0,0,0,1
PLP,1,1,1,1,0
PLX,1,0,0,1,1
PMB,0,0,0,0,0
PMC,0,0,0,0,0
PMG,0,0,0,0,0
PMP,1,0,1,1,0
PMS,1,0,0,1,0
PNC,1,0,1,0,0
PNJ,0,0,0,0,0
POT,0,0,0,0,0
POW,0,0,0,0,0
PPC,0,0,0,0,0
PPE,0,0,0,0,0
PPP,0,0,0,0,0
PPS,1,0,1,0,0
PPY,1,0,0,1,1
PRC,0,0,0,0,0
PSC,0,0,0,0,0
PSD,1,1,1,1,0
PSE,0,0,0,0,0
PSI,0,0,0,0,0
PSW,0,0,0,0,0
PTB,1,0,0,0,1
PTC,0,0,0,0,0
PTD,1,1,1,0,0
PTI,1,0,0,0,0
PTL,0,0,0,0,0
PTS,0,0,0,0,0
PV2,0,0,0,0,0
PVB,0,0,0,0,0
PVC,1,0,0,1,0
PVD,0,0,0,0,0
PVG,1,0,0,1,0
PVI,1,0,0,0,0
PVS,0,0,0,0,0
PVT,0,0,0,0,0
QCG,1,1,1,0,0
QHD,0,0,0,0,0
QST,1,0,0,0,1
QTC,0,1,0,0,0
RAL,1,0,1,0,1
RCL,1,0,1,0,0
REE,0,0,0,0,0
S4A,0,0,0,0,0
S55,0,0,0,0,0
S99,0,0,0,0,0
SAB,0,0,0,0,0
SAF,0,0,0,0,0
SAM,0,0,0,0,0
SAV,1,0,0,0,0
SBA,0,0,0,0,0
SBT,1,0,0,0,1
SBV,0,0,0,0,0
SC5,1,1,1,1,0
SCI,1,0,1,0,1
SCR,0,1,0,0,0
SCS,0,0,0,0,0
SD5,1,0,0,1,0
SD9,1,0,0,0,1
SDC,0,0,0,0,0
SDG,0,0,0,0,0
SDN,0,1,0,0,0
SDU,1,1,1,0,0
SEB,0,0,0,0,0
SED,0,0,0,0,0
SFC,0,0,0,0,0
SFG,1,0,1,1,1
SFI,0,0,0,0,0
SFN,0,0,0,0,0
SGC,0,0,0,0,0
SGD,0,0,0,0,0
SGH,0,0,0,0,0
SGN,0,0,0,0,0
SGR,1,1,1,0,0
SGT,0,0,0,0,0
SHA,1,0,1,0,0
SHE,0,0,0,0,0
SHI,1,0,0,0,1
SHN,1,0,0,1,0
SHP,0,0,0,0,0
SHS,0,0,0,0,0
SJ1,1,0,0,1,0
SJD,0,0,0,0,0
SJE,0,0,0,0,0
SJS,1,0,1,0,0
SKG,0,0,0,0,0
SLS,0,1,0,0,0
SMA,0,0,0,0,0
SMB,0,0,0,0,0
SMC,1,0,1,1,0
SMN,1,1,1,0,0
SMT,1,0,1,0,0
SPM,0,0,0,0,0
SRA,0,0,0,0,0
SRC,0,0,0,0,0
SRF,1,0,0,1,0
SSI,1,0,0,0,0
SSM,1,0,1,1,0
ST8,0,0,0,0,0
STB,0,0,0,0,0
STC,0,0,0,0,0
STG,0,0,0,0,0
STK,0,0,0,0,0
STP,0,0,0,0,0
SVC,1,0,0,1,1
SVN,0,0,0,0,0
SVT,0,0,0,0,0
SZB,0,0,0,0,0
SZC,0,0,0,0,0
SZL,0,0,0,0,0
TA9,1,1,1,1,0
TBC,0,0,0,0,0
TCB,0,0,0,0,0
TCH,0,0,0,0,0
TCL,0,0,0,0,0
TCM,1,0,1,0,0
TCO,0,0,0,0,0
TCR,1,0,1,0,0
TCT,0,0,0,0,0
TDC,1,0,1,0,0
TDG,0,0,0,0,0
TDH,0,0,0,0,0
TDM,0,0,0,0,0
TDT,1,0,1,0,1
TDW,0,0,0,0,0
TEG,0,0,0,0,0
TET,0,0,0,0,0
TFC,0,0,0,0,0
THB,1,0,0,0,0
THG,1,0,0,0,1
THS,1,1,1,1,1
THT,1,0,0,1,1
TIG,0,0,0,0,0
TIP,0,0,0,0,0
TIX,0,0,0,0,0
TJC,0,0,0,0,0
TKU,0,0,0,0,0
TLD,0,0,0,0,0
TLG,0,0,0,0,0
TLH,1,0,1,1,0
TMB,1,0,1,1,0
TMC,0,0,0,0,0
TMP,0,0,0,0,0
TMS,0,0,0,0,0
TMT,1,0,1,1,0
TMX,0,0,0,0,0
TN1,0,0,0,0,0
TNC,0,0,0,0,0
TNG,1,0,1,0,1
TNI,0,1,0,0,0
TNT,0,0,0,0,0
TPB,0,0,0,0,0
TPC,1,0,1,1,1
TPP,1,0,0,0,1
TRA,0,0,0,0,0
TRC,0,0,0,0,0
TSB,0,0,0,0,0
TSC,0,0,0,0,0
TTC,1,0,1,0,0
TTE,0,0,0,0,0
TTF,1,0,1,0,0
TTH,0,0,0,0,0
TTL,1,0,0,1,0
TTT,0,0,0,0,0
TV2,1,0,0,0,0
TV3,1,0,0,0,0
TV4,0,0,0,0,0
TVC,1,0,1,0,0
TVD,0,0,0,0,0
TVS,1,0,0,0,0
TVT,1,0,0,0,1
TXM,0,0,0,0,0
TYA,1,0,0,1,0
UIC,0,0,0,0,0
UNI,0,0,0,0,0
V12,1,0,1,1,0
V21,1,1,1,1,0
VBC,1,0,0,1,0
VC1,1,1,1,1,0
VC2,1,1,1,0,0
VC3,0,0,0,0,0
VC6,1,0,1,1,0
VC7,0,0,0,0,0
VC9,1,1,1,1,0
VCB,0,0,0,0,0
VCC,1,0,0,0,1
VCF,0,0,0,0,0
VCI,0,0,0,0,0
VCM,1,0,0,0,0
VCS,0,0,0,0,0
VDL,0,0,0,0,0
VDP,0,0,0,0,0
VDS,1,0,0,0,0
VE1,0,0,0,0,0
VE3,1,1,1,1,0
VE4,0,0,0,0,0
VGC,0,0,0,0,0
VGP,1,0,0,1,0
VGS,1,0,0,1,1
VHC,0,0,0,0,0
VHE,0,0,0,0,0
VHL,0,1,0,0,0
VHM,0,1,0,0,0
VIC,0,0,0,0,0
VID,0,0,0,0,0
VIG,0,0,0,0,0
VIP,0,0,0,0,0
VIT,1,0,1,0,0
VJC,0,0,0,0,0
VLA,0,0,0,0,0
VMC,1,0,0,1,0
VMD,1,0,1,1,0
VMS,0,0,0,0,0
VNC,0,0,0,0,0
VNF,1,0,0,1,0
VNG,0,0,0,0,0
VNL,0,0,0,0,0
VNM,0,0,0,0,0
VNR,1,0,0,1,0
VNS,0,0,0,0,0
VNT,1,0,0,1,0
VOS,0,0,0,0,0
VPB,0,0,0,0,0
VPD,0,0,0,0,0
VPG,1,0,0,0,0
VPH,0,1,0,0,0
VPI,0,1,0,0,0
VPS,0,0,0,0,0
VRC,0,0,0,0,0
VRE,0,0,0,0,0
VSA,0,0,0,0,0
VSC,0,0,0,0,0
VSH,0,0,0,0,0
VSI,0,0,0,0,0
VSM,0,0,0,0,0
VTB,1,0,0,0,0
VTC,1,0,0,0,0
VTH,0,0,0,0,0
VTJ,0,0,0,0,0
VTO,0,0,0,0,0
VTV,1,0,1,1,1
WCS,0,0,0,0,0
WSS,0,0,0,0,0
X20,1,0,1,0,0
YBM,1,0,0,0,0
YEG,0,0,0,0,0
