period,item_id,display_order,level,unit,item,value,symbol
2025,NT_BS_IMPORTEXPORT_TAX,334,2,VNĐ,  - Thuế XNK,0.0,HPG
2025,NT_IS_EXPORT_DUTY,531,2,VNĐ,  - Thuế xuất khẩu,0.0,HPG
2025,NT_IS_GAINS_FROM_SALE_OF_FOREIGN_CURRENCY,545,2,VNĐ,  - Lãi bán ngoại tệ,0.0,HPG
2025,NT_IS_REALIZED_FOREIGN_EXCHANGE_GAINS,546,2,VNĐ,  - Lãi chênh lệch tỷ giá đã thực hiện,803469992194.0,HPG
2025,NT_IS_UNREALIZED_FOREIGN_EXCHANGE_GAINS,547,2,VNĐ,  - Lãi chênh lệch tỷ giá chưa thực hiện,0.0,HPG
2025,NT_IS_LOSS_FROM_SALE_OF_FOREIGN_CURRENCY,567,2,VNĐ,  - Lỗ bán ngoại tệ,0.0,HPG
2025,NT_IS_REALIZED_FOREIGN_EXCHANGE_LOSSES,568,2,VNĐ,  - Lỗ chênh lệch tỷ giá đã thực hiện,1408387829353.0,HPG
2025,NT_IS_UNREALIZED_FOREIGN_EXCHANGE_LOSSES,569,2,VNĐ,  - Lỗ chênh lệch tỷ giá chưa thực hiện,0.0,HPG
2024,NT_BS_IMPORTEXPORT_TAX,334,2,VNĐ,  - Thuế XNK,0.0,HPG
2024,NT_IS_EXPORT_DUTY,531,2,VNĐ,  - Thuế xuất khẩu,0.0,HPG
2024,NT_IS_GAINS_FROM_SALE_OF_FOREIGN_CURRENCY,545,2,VNĐ,  - Lãi bán ngoại tệ,0.0,HPG
2024,NT_IS_REALIZED_FOREIGN_EXCHANGE_GAINS,546,2,VNĐ,  - Lãi chênh lệch tỷ giá đã thực hiện,1319784428677.0,HPG
2024,NT_IS_UNREALIZED_FOREIGN_EXCHANGE_GAINS,547,2,VNĐ,  - Lãi chênh lệch tỷ giá chưa thực hiện,5244865732.0,HPG
2024,NT_IS_LOSS_FROM_SALE_OF_FOREIGN_CURRENCY,567,2,VNĐ,  - Lỗ bán ngoại tệ,0.0,HPG
2024,NT_IS_REALIZED_FOREIGN_EXCHANGE_LOSSES,568,2,VNĐ,  - Lỗ chênh lệch tỷ giá đã thực hiện,1473187885929.0,HPG
2024,NT_IS_UNREALIZED_FOREIGN_EXCHANGE_LOSSES,569,2,VNĐ,  - Lỗ chênh lệch tỷ giá chưa thực hiện,178715445710.0,HPG
2023,NT_BS_IMPORTEXPORT_TAX,334,2,VNĐ,  - Thuế XNK,28178566721.0,HPG
2023,NT_IS_EXPORT_DUTY,531,2,VNĐ,  - Thuế xuất khẩu,0.0,HPG
2023,NT_IS_GAINS_FROM_SALE_OF_FOREIGN_CURRENCY,545,2,VNĐ,  - Lãi bán ngoại tệ,0.0,HPG
2023,NT_IS_REALIZED_FOREIGN_EXCHANGE_GAINS,546,2,VNĐ,  - Lãi chênh lệch tỷ giá đã thực hiện,1207078334480.0,HPG
2023,NT_IS_UNREALIZED_FOREIGN_EXCHANGE_GAINS,547,2,VNĐ,  - Lãi chênh lệch tỷ giá chưa thực hiện,3629798335.0,HPG
2023,NT_IS_LOSS_FROM_SALE_OF_FOREIGN_CURRENCY,567,2,VNĐ,  - Lỗ bán ngoại tệ,0.0,HPG
2023,NT_IS_REALIZED_FOREIGN_EXCHANGE_LOSSES,568,2,VNĐ,  - Lỗ chênh lệch tỷ giá đã thực hiện,1054356743299.0,HPG
2023,NT_IS_UNREALIZED_FOREIGN_EXCHANGE_LOSSES,569,2,VNĐ,  - Lỗ chênh lệch tỷ giá chưa thực hiện,294873550913.0,HPG
2022,NT_BS_IMPORTEXPORT_TAX,334,2,VNĐ,  - Thuế XNK,0.0,HPG
2022,NT_IS_EXPORT_DUTY,531,2,VNĐ,  - Thuế xuất khẩu,0.0,HPG
2022,NT_IS_GAINS_FROM_SALE_OF_FOREIGN_CURRENCY,545,2,VNĐ,  - Lãi bán ngoại tệ,0.0,HPG
2022,NT_IS_REALIZED_FOREIGN_EXCHANGE_GAINS,546,2,VNĐ,  - Lãi chênh lệch tỷ giá đã thực hiện,1886624826804.0,HPG
2022,NT_IS_UNREALIZED_FOREIGN_EXCHANGE_GAINS,547,2,VNĐ,  - Lãi chênh lệch tỷ giá chưa thực hiện,11596235826.0,HPG
2022,NT_IS_LOSS_FROM_SALE_OF_FOREIGN_CURRENCY,567,2,VNĐ,  - Lỗ bán ngoại tệ,0.0,HPG
2022,NT_IS_REALIZED_FOREIGN_EXCHANGE_LOSSES,568,2,VNĐ,  - Lỗ chênh lệch tỷ giá đã thực hiện,3411297421437.0,HPG
2022,NT_IS_UNREALIZED_FOREIGN_EXCHANGE_LOSSES,569,2,VNĐ,  - Lỗ chênh lệch tỷ giá chưa thực hiện,345579389435.0,HPG
2021,NT_BS_IMPORTEXPORT_TAX,334,2,VNĐ,  - Thuế XNK,384187170.0,HPG
2021,NT_IS_EXPORT_DUTY,531,2,VNĐ,  - Thuế xuất khẩu,0.0,HPG
2021,NT_IS_GAINS_FROM_SALE_OF_FOREIGN_CURRENCY,545,2,VNĐ,  - Lãi bán ngoại tệ,0.0,HPG
2021,NT_IS_REALIZED_FOREIGN_EXCHANGE_GAINS,546,2,VNĐ,  - Lãi chênh lệch tỷ giá đã thực hiện,1259713002137.0,HPG
2021,NT_IS_UNREALIZED_FOREIGN_EXCHANGE_GAINS,547,2,VNĐ,  - Lãi chênh lệch tỷ giá chưa thực hiện,46626960525.0,HPG
2021,NT_IS_LOSS_FROM_SALE_OF_FOREIGN_CURRENCY,567,2,VNĐ,  - Lỗ bán ngoại tệ,0.0,HPG
2021,NT_IS_REALIZED_FOREIGN_EXCHANGE_LOSSES,568,2,VNĐ,  - Lỗ chênh lệch tỷ giá đã thực hiện,992505816602.0,HPG
2021,NT_IS_UNREALIZED_FOREIGN_EXCHANGE_LOSSES,569,2,VNĐ,  - Lỗ chênh lệch tỷ giá chưa thực hiện,88565791942.0,HPG
2020,NT_BS_IMPORTEXPORT_TAX,334,2,VNĐ,  - Thuế XNK,0.0,HPG
2020,NT_IS_EXPORT_DUTY,531,2,VNĐ,  - Thuế xuất khẩu,0.0,HPG
2020,NT_IS_GAINS_FROM_SALE_OF_FOREIGN_CURRENCY,545,2,VNĐ,  - Lãi bán ngoại tệ,0.0,HPG
2020,NT_IS_REALIZED_FOREIGN_EXCHANGE_GAINS,546,2,VNĐ,  - Lãi chênh lệch tỷ giá đã thực hiện,483165239031.0,HPG
2020,NT_IS_UNREALIZED_FOREIGN_EXCHANGE_GAINS,547,2,VNĐ,  - Lãi chênh lệch tỷ giá chưa thực hiện,490877510.0,HPG
2020,NT_IS_LOSS_FROM_SALE_OF_FOREIGN_CURRENCY,567,2,VNĐ,  - Lỗ bán ngoại tệ,0.0,HPG
2020,NT_IS_REALIZED_FOREIGN_EXCHANGE_LOSSES,568,2,VNĐ,  - Lỗ chênh lệch tỷ giá đã thực hiện,493877084960.0,HPG
2020,NT_IS_UNREALIZED_FOREIGN_EXCHANGE_LOSSES,569,2,VNĐ,  - Lỗ chênh lệch tỷ giá chưa thực hiện,52569748282.0,HPG
2019,NT_BS_IMPORTEXPORT_TAX,334,2,VNĐ,  - Thuế XNK,199457118.0,HPG
2019,NT_IS_EXPORT_DUTY,531,2,VNĐ,  - Thuế xuất khẩu,0.0,HPG
2019,NT_IS_GAINS_FROM_SALE_OF_FOREIGN_CURRENCY,545,2,VNĐ,  - Lãi bán ngoại tệ,0.0,HPG
2019,NT_IS_REALIZED_FOREIGN_EXCHANGE_GAINS,546,2,VNĐ,  - Lãi chênh lệch tỷ giá đã thực hiện,177270502599.0,HPG
2019,NT_IS_UNREALIZED_FOREIGN_EXCHANGE_GAINS,547,2,VNĐ,  - Lãi chênh lệch tỷ giá chưa thực hiện,15303987880.0,HPG
2019,NT_IS_LOSS_FROM_SALE_OF_FOREIGN_CURRENCY,567,2,VNĐ,  - Lỗ bán ngoại tệ,0.0,HPG
2019,NT_IS_REALIZED_FOREIGN_EXCHANGE_LOSSES,568,2,VNĐ,  - Lỗ chênh lệch tỷ giá đã thực hiện,188554340708.0,HPG
2019,NT_IS_UNREALIZED_FOREIGN_EXCHANGE_LOSSES,569,2,VNĐ,  - Lỗ chênh lệch tỷ giá chưa thực hiện,39487502736.0,HPG
2018,NT_BS_IMPORTEXPORT_TAX,334,2,VNĐ,  - Thuế XNK,198446246.0,HPG
2018,NT_IS_EXPORT_DUTY,531,2,VNĐ,  - Thuế xuất khẩu,0.0,HPG
2018,NT_IS_GAINS_FROM_SALE_OF_FOREIGN_CURRENCY,545,2,VNĐ,  - Lãi bán ngoại tệ,0.0,HPG
2018,NT_IS_REALIZED_FOREIGN_EXCHANGE_GAINS,546,2,VNĐ,  - Lãi chênh lệch tỷ giá đã thực hiện,115851955886.0,HPG
2018,NT_IS_UNREALIZED_FOREIGN_EXCHANGE_GAINS,547,2,VNĐ,  - Lãi chênh lệch tỷ giá chưa thực hiện,7311244552.0,HPG
2018,NT_IS_LOSS_FROM_SALE_OF_FOREIGN_CURRENCY,567,2,VNĐ,  - Lỗ bán ngoại tệ,0.0,HPG
2018,NT_IS_REALIZED_FOREIGN_EXCHANGE_LOSSES,568,2,VNĐ,  - Lỗ chênh lệch tỷ giá đã thực hiện,165195158549.0,HPG
2018,NT_IS_UNREALIZED_FOREIGN_EXCHANGE_LOSSES,569,2,VNĐ,  - Lỗ chênh lệch tỷ giá chưa thực hiện,37222114032.0,HPG
2025,NT_BS_IMPORTEXPORT_TAX,334,2,VNĐ,  - Thuế XNK,99701432.0,NKG
2025,NT_IS_EXPORT_DUTY,531,2,VNĐ,  - Thuế xuất khẩu,0.0,NKG
2025,NT_IS_GAINS_FROM_SALE_OF_FOREIGN_CURRENCY,545,2,VNĐ,  - Lãi bán ngoại tệ,0.0,NKG
2025,NT_IS_REALIZED_FOREIGN_EXCHANGE_GAINS,546,2,VNĐ,  - Lãi chênh lệch tỷ giá đã thực hiện,103649737503.0,NKG
2025,NT_IS_UNREALIZED_FOREIGN_EXCHANGE_GAINS,547,2,VNĐ,  - Lãi chênh lệch tỷ giá chưa thực hiện,124966378.0,NKG
2025,NT_IS_LOSS_FROM_SALE_OF_FOREIGN_CURRENCY,567,2,VNĐ,  - Lỗ bán ngoại tệ,0.0,NKG
2025,NT_IS_REALIZED_FOREIGN_EXCHANGE_LOSSES,568,2,VNĐ,  - Lỗ chênh lệch tỷ giá đã thực hiện,93142655863.0,NKG
2025,NT_IS_UNREALIZED_FOREIGN_EXCHANGE_LOSSES,569,2,VNĐ,  - Lỗ chênh lệch tỷ giá chưa thực hiện,4322869183.0,NKG
2024,NT_BS_IMPORTEXPORT_TAX,334,2,VNĐ,  - Thuế XNK,106682329798.0,NKG
2024,NT_IS_EXPORT_DUTY,531,2,VNĐ,  - Thuế xuất khẩu,0.0,NKG
2024,NT_IS_GAINS_FROM_SALE_OF_FOREIGN_CURRENCY,545,2,VNĐ,  - Lãi bán ngoại tệ,0.0,NKG
2024,NT_IS_REALIZED_FOREIGN_EXCHANGE_GAINS,546,2,VNĐ,  - Lãi chênh lệch tỷ giá đã thực hiện,311772918668.0,NKG
2024,NT_IS_UNREALIZED_FOREIGN_EXCHANGE_GAINS,547,2,VNĐ,  - Lãi chênh lệch tỷ giá chưa thực hiện,0.0,NKG
2024,NT_IS_LOSS_FROM_SALE_OF_FOREIGN_CURRENCY,567,2,VNĐ,  - Lỗ bán ngoại tệ,0.0,NKG
2024,NT_IS_REALIZED_FOREIGN_EXCHANGE_LOSSES,568,2,VNĐ,  - Lỗ chênh lệch tỷ giá đã thực hiện,234145826487.0,NKG
2024,NT_IS_UNREALIZED_FOREIGN_EXCHANGE_LOSSES,569,2,VNĐ,  - Lỗ chênh lệch tỷ giá chưa thực hiện,0.0,NKG
2023,NT_BS_IMPORTEXPORT_TAX,334,2,VNĐ,  - Thuế XNK,148584109.0,NKG
2023,NT_IS_EXPORT_DUTY,531,2,VNĐ,  - Thuế xuất khẩu,0.0,NKG
2023,NT_IS_GAINS_FROM_SALE_OF_FOREIGN_CURRENCY,545,2,VNĐ,  - Lãi bán ngoại tệ,0.0,NKG
2023,NT_IS_REALIZED_FOREIGN_EXCHANGE_GAINS,546,2,VNĐ,  - Lãi chênh lệch tỷ giá đã thực hiện,210070628355.0,NKG
2023,NT_IS_UNREALIZED_FOREIGN_EXCHANGE_GAINS,547,2,VNĐ,  - Lãi chênh lệch tỷ giá chưa thực hiện,0.0,NKG
2023,NT_IS_LOSS_FROM_SALE_OF_FOREIGN_CURRENCY,567,2,VNĐ,  - Lỗ bán ngoại tệ,0.0,NKG
2023,NT_IS_REALIZED_FOREIGN_EXCHANGE_LOSSES,568,2,VNĐ,  - Lỗ chênh lệch tỷ giá đã thực hiện,133475062463.0,NKG
2023,NT_IS_UNREALIZED_FOREIGN_EXCHANGE_LOSSES,569,2,VNĐ,  - Lỗ chênh lệch tỷ giá chưa thực hiện,0.0,NKG
2022,NT_BS_IMPORTEXPORT_TAX,334,2,VNĐ,  - Thuế XNK,0.0,NKG
2022,NT_IS_EXPORT_DUTY,531,2,VNĐ,  - Thuế xuất khẩu,0.0,NKG
2022,NT_IS_GAINS_FROM_SALE_OF_FOREIGN_CURRENCY,545,2,VNĐ,  - Lãi bán ngoại tệ,0.0,NKG
2022,NT_IS_REALIZED_FOREIGN_EXCHANGE_GAINS,546,2,VNĐ,  - Lãi chênh lệch tỷ giá đã thực hiện,271184343033.0,NKG
2022,NT_IS_UNREALIZED_FOREIGN_EXCHANGE_GAINS,547,2,VNĐ,  - Lãi chênh lệch tỷ giá chưa thực hiện,2374950035.0,NKG
2022,NT_IS_LOSS_FROM_SALE_OF_FOREIGN_CURRENCY,567,2,VNĐ,  - Lỗ bán ngoại tệ,0.0,NKG
2022,NT_IS_REALIZED_FOREIGN_EXCHANGE_LOSSES,568,2,VNĐ,  - Lỗ chênh lệch tỷ giá đã thực hiện,240515017774.0,NKG
2022,NT_IS_UNREALIZED_FOREIGN_EXCHANGE_LOSSES,569,2,VNĐ,  - Lỗ chênh lệch tỷ giá chưa thực hiện,0.0,NKG
2021,NT_BS_IMPORTEXPORT_TAX,334,2,VNĐ,  - Thuế XNK,1053762933.0,NKG
2021,NT_IS_EXPORT_DUTY,531,2,VNĐ,  - Thuế xuất khẩu,0.0,NKG
2021,NT_IS_GAINS_FROM_SALE_OF_FOREIGN_CURRENCY,545,2,VNĐ,  - Lãi bán ngoại tệ,0.0,NKG
2021,NT_IS_REALIZED_FOREIGN_EXCHANGE_GAINS,546,2,VNĐ,  - Lãi chênh lệch tỷ giá đã thực hiện,183991980618.0,NKG
2021,NT_IS_UNREALIZED_FOREIGN_EXCHANGE_GAINS,547,2,VNĐ,  - Lãi chênh lệch tỷ giá chưa thực hiện,0.0,NKG
2021,NT_IS_LOSS_FROM_SALE_OF_FOREIGN_CURRENCY,567,2,VNĐ,  - Lỗ bán ngoại tệ,0.0,NKG
2021,NT_IS_REALIZED_FOREIGN_EXCHANGE_LOSSES,568,2,VNĐ,  - Lỗ chênh lệch tỷ giá đã thực hiện,133371508917.0,NKG
2021,NT_IS_UNREALIZED_FOREIGN_EXCHANGE_LOSSES,569,2,VNĐ,  - Lỗ chênh lệch tỷ giá chưa thực hiện,20359041207.0,NKG
2020,NT_BS_IMPORTEXPORT_TAX,334,2,VNĐ,  - Thuế XNK,43882158.0,NKG
2020,NT_IS_EXPORT_DUTY,531,2,VNĐ,  - Thuế xuất khẩu,0.0,NKG
2020,NT_IS_GAINS_FROM_SALE_OF_FOREIGN_CURRENCY,545,2,VNĐ,  - Lãi bán ngoại tệ,0.0,NKG
2020,NT_IS_REALIZED_FOREIGN_EXCHANGE_GAINS,546,2,VNĐ,  - Lãi chênh lệch tỷ giá đã thực hiện,59600960577.0,NKG
2020,NT_IS_UNREALIZED_FOREIGN_EXCHANGE_GAINS,547,2,VNĐ,  - Lãi chênh lệch tỷ giá chưa thực hiện,0.0,NKG
2020,NT_IS_LOSS_FROM_SALE_OF_FOREIGN_CURRENCY,567,2,VNĐ,  - Lỗ bán ngoại tệ,0.0,NKG
2020,NT_IS_REALIZED_FOREIGN_EXCHANGE_LOSSES,568,2,VNĐ,  - Lỗ chênh lệch tỷ giá đã thực hiện,57345696286.0,NKG
2020,NT_IS_UNREALIZED_FOREIGN_EXCHANGE_LOSSES,569,2,VNĐ,  - Lỗ chênh lệch tỷ giá chưa thực hiện,1368014070.0,NKG
2019,NT_BS_IMPORTEXPORT_TAX,334,2,VNĐ,  - Thuế XNK,0.0,NKG
2019,NT_IS_EXPORT_DUTY,531,2,VNĐ,  - Thuế xuất khẩu,0.0,NKG
2019,NT_IS_GAINS_FROM_SALE_OF_FOREIGN_CURRENCY,545,2,VNĐ,  - Lãi bán ngoại tệ,0.0,NKG
2019,NT_IS_REALIZED_FOREIGN_EXCHANGE_GAINS,546,2,VNĐ,  - Lãi chênh lệch tỷ giá đã thực hiện,38596918483.0,NKG
2019,NT_IS_UNREALIZED_FOREIGN_EXCHANGE_GAINS,547,2,VNĐ,  - Lãi chênh lệch tỷ giá chưa thực hiện,0.0,NKG
2019,NT_IS_LOSS_FROM_SALE_OF_FOREIGN_CURRENCY,567,2,VNĐ,  - Lỗ bán ngoại tệ,0.0,NKG
2019,NT_IS_REALIZED_FOREIGN_EXCHANGE_LOSSES,568,2,VNĐ,  - Lỗ chênh lệch tỷ giá đã thực hiện,31726632996.0,NKG
2019,NT_IS_UNREALIZED_FOREIGN_EXCHANGE_LOSSES,569,2,VNĐ,  - Lỗ chênh lệch tỷ giá chưa thực hiện,6255238305.0,NKG
2018,NT_BS_IMPORTEXPORT_TAX,334,2,VNĐ,  - Thuế XNK,0.0,NKG
2018,NT_IS_EXPORT_DUTY,531,2,VNĐ,  - Thuế xuất khẩu,0.0,NKG
2018,NT_IS_GAINS_FROM_SALE_OF_FOREIGN_CURRENCY,545,2,VNĐ,  - Lãi bán ngoại tệ,0.0,NKG
2018,NT_IS_REALIZED_FOREIGN_EXCHANGE_GAINS,546,2,VNĐ,  - Lãi chênh lệch tỷ giá đã thực hiện,66891649268.0,NKG
2018,NT_IS_UNREALIZED_FOREIGN_EXCHANGE_GAINS,547,2,VNĐ,  - Lãi chênh lệch tỷ giá chưa thực hiện,0.0,NKG
2018,NT_IS_LOSS_FROM_SALE_OF_FOREIGN_CURRENCY,567,2,VNĐ,  - Lỗ bán ngoại tệ,0.0,NKG
2018,NT_IS_REALIZED_FOREIGN_EXCHANGE_LOSSES,568,2,VNĐ,  - Lỗ chênh lệch tỷ giá đã thực hiện,73109782490.0,NKG
2018,NT_IS_UNREALIZED_FOREIGN_EXCHANGE_LOSSES,569,2,VNĐ,  - Lỗ chênh lệch tỷ giá chưa thực hiện,18641747575.0,NKG
2025,NT_BS_IMPORTEXPORT_TAX,334,2,VNĐ,  - Thuế XNK,0.0,DPM
2025,NT_IS_EXPORT_DUTY,531,2,VNĐ,  - Thuế xuất khẩu,0.0,DPM
2025,NT_IS_GAINS_FROM_SALE_OF_FOREIGN_CURRENCY,545,2,VNĐ,  - Lãi bán ngoại tệ,0.0,DPM
2025,NT_IS_REALIZED_FOREIGN_EXCHANGE_GAINS,546,2,VNĐ,  - Lãi chênh lệch tỷ giá đã thực hiện,13888437771.0,DPM
2025,NT_IS_UNREALIZED_FOREIGN_EXCHANGE_GAINS,547,2,VNĐ,  - Lãi chênh lệch tỷ giá chưa thực hiện,0.0,DPM
2025,NT_IS_LOSS_FROM_SALE_OF_FOREIGN_CURRENCY,567,2,VNĐ,  - Lỗ bán ngoại tệ,0.0,DPM
2025,NT_IS_REALIZED_FOREIGN_EXCHANGE_LOSSES,568,2,VNĐ,  - Lỗ chênh lệch tỷ giá đã thực hiện,22429713333.0,DPM
2025,NT_IS_UNREALIZED_FOREIGN_EXCHANGE_LOSSES,569,2,VNĐ,  - Lỗ chênh lệch tỷ giá chưa thực hiện,0.0,DPM
2024,NT_BS_IMPORTEXPORT_TAX,334,2,VNĐ,  - Thuế XNK,0.0,DPM
2024,NT_IS_EXPORT_DUTY,531,2,VNĐ,  - Thuế xuất khẩu,0.0,DPM
2024,NT_IS_GAINS_FROM_SALE_OF_FOREIGN_CURRENCY,545,2,VNĐ,  - Lãi bán ngoại tệ,0.0,DPM
2024,NT_IS_REALIZED_FOREIGN_EXCHANGE_GAINS,546,2,VNĐ,  - Lãi chênh lệch tỷ giá đã thực hiện,26151127897.0,DPM
2024,NT_IS_UNREALIZED_FOREIGN_EXCHANGE_GAINS,547,2,VNĐ,  - Lãi chênh lệch tỷ giá chưa thực hiện,0.0,DPM
2024,NT_IS_LOSS_FROM_SALE_OF_FOREIGN_CURRENCY,567,2,VNĐ,  - Lỗ bán ngoại tệ,0.0,DPM
2024,NT_IS_REALIZED_FOREIGN_EXCHANGE_LOSSES,568,2,VNĐ,  - Lỗ chênh lệch tỷ giá đã thực hiện,17104417056.0,DPM
2024,NT_IS_UNREALIZED_FOREIGN_EXCHANGE_LOSSES,569,2,VNĐ,  - Lỗ chênh lệch tỷ giá chưa thực hiện,0.0,DPM
2023,NT_BS_IMPORTEXPORT_TAX,334,2,VNĐ,  - Thuế XNK,0.0,DPM
2023,NT_IS_EXPORT_DUTY,531,2,VNĐ,  - Thuế xuất khẩu,0.0,DPM
2023,NT_IS_GAINS_FROM_SALE_OF_FOREIGN_CURRENCY,545,2,VNĐ,  - Lãi bán ngoại tệ,0.0,DPM
2023,NT_IS_REALIZED_FOREIGN_EXCHANGE_GAINS,546,2,VNĐ,  - Lãi chênh lệch tỷ giá đã thực hiện,8118651893.0,DPM
2023,NT_IS_UNREALIZED_FOREIGN_EXCHANGE_GAINS,547,2,VNĐ,  - Lãi chênh lệch tỷ giá chưa thực hiện,0.0,DPM
2023,NT_IS_LOSS_FROM_SALE_OF_FOREIGN_CURRENCY,567,2,VNĐ,  - Lỗ bán ngoại tệ,0.0,DPM
2023,NT_IS_REALIZED_FOREIGN_EXCHANGE_LOSSES,568,2,VNĐ,  - Lỗ chênh lệch tỷ giá đã thực hiện,11396915667.0,DPM
2023,NT_IS_UNREALIZED_FOREIGN_EXCHANGE_LOSSES,569,2,VNĐ,  - Lỗ chênh lệch tỷ giá chưa thực hiện,0.0,DPM
2022,NT_BS_IMPORTEXPORT_TAX,334,2,VNĐ,  - Thuế XNK,0.0,DPM
2022,NT_IS_EXPORT_DUTY,531,2,VNĐ,  - Thuế xuất khẩu,0.0,DPM
2022,NT_IS_GAINS_FROM_SALE_OF_FOREIGN_CURRENCY,545,2,VNĐ,  - Lãi bán ngoại tệ,0.0,DPM
2022,NT_IS_REALIZED_FOREIGN_EXCHANGE_GAINS,546,2,VNĐ,  - Lãi chênh lệch tỷ giá đã thực hiện,36954491724.0,DPM
2022,NT_IS_UNREALIZED_FOREIGN_EXCHANGE_GAINS,547,2,VNĐ,  - Lãi chênh lệch tỷ giá chưa thực hiện,0.0,DPM
2022,NT_IS_LOSS_FROM_SALE_OF_FOREIGN_CURRENCY,567,2,VNĐ,  - Lỗ bán ngoại tệ,0.0,DPM
2022,NT_IS_REALIZED_FOREIGN_EXCHANGE_LOSSES,568,2,VNĐ,  - Lỗ chênh lệch tỷ giá đã thực hiện,16781720350.0,DPM
2022,NT_IS_UNREALIZED_FOREIGN_EXCHANGE_LOSSES,569,2,VNĐ,  - Lỗ chênh lệch tỷ giá chưa thực hiện,0.0,DPM
2021,NT_BS_IMPORTEXPORT_TAX,334,2,VNĐ,  - Thuế XNK,17640572200.0,DPM
2021,NT_IS_EXPORT_DUTY,531,2,VNĐ,  - Thuế xuất khẩu,0.0,DPM
2021,NT_IS_GAINS_FROM_SALE_OF_FOREIGN_CURRENCY,545,2,VNĐ,  - Lãi bán ngoại tệ,0.0,DPM
2021,NT_IS_REALIZED_FOREIGN_EXCHANGE_GAINS,546,2,VNĐ,  - Lãi chênh lệch tỷ giá đã thực hiện,8239945682.0,DPM
2021,NT_IS_UNREALIZED_FOREIGN_EXCHANGE_GAINS,547,2,VNĐ,  - Lãi chênh lệch tỷ giá chưa thực hiện,0.0,DPM
2021,NT_IS_LOSS_FROM_SALE_OF_FOREIGN_CURRENCY,567,2,VNĐ,  - Lỗ bán ngoại tệ,0.0,DPM
2021,NT_IS_REALIZED_FOREIGN_EXCHANGE_LOSSES,568,2,VNĐ,  - Lỗ chênh lệch tỷ giá đã thực hiện,0.0,DPM
2021,NT_IS_UNREALIZED_FOREIGN_EXCHANGE_LOSSES,569,2,VNĐ,  - Lỗ chênh lệch tỷ giá chưa thực hiện,0.0,DPM
2020,NT_BS_IMPORTEXPORT_TAX,334,2,VNĐ,  - Thuế XNK,361848690.0,DPM
2020,NT_IS_EXPORT_DUTY,531,2,VNĐ,  - Thuế xuất khẩu,0.0,DPM
2020,NT_IS_GAINS_FROM_SALE_OF_FOREIGN_CURRENCY,545,2,VNĐ,  - Lãi bán ngoại tệ,0.0,DPM
2020,NT_IS_REALIZED_FOREIGN_EXCHANGE_GAINS,546,2,VNĐ,  - Lãi chênh lệch tỷ giá đã thực hiện,4603051174.0,DPM
2020,NT_IS_UNREALIZED_FOREIGN_EXCHANGE_GAINS,547,2,VNĐ,  - Lãi chênh lệch tỷ giá chưa thực hiện,0.0,DPM
2020,NT_IS_LOSS_FROM_SALE_OF_FOREIGN_CURRENCY,567,2,VNĐ,  - Lỗ bán ngoại tệ,0.0,DPM
2020,NT_IS_REALIZED_FOREIGN_EXCHANGE_LOSSES,568,2,VNĐ,  - Lỗ chênh lệch tỷ giá đã thực hiện,0.0,DPM
2020,NT_IS_UNREALIZED_FOREIGN_EXCHANGE_LOSSES,569,2,VNĐ,  - Lỗ chênh lệch tỷ giá chưa thực hiện,0.0,DPM
2019,NT_BS_IMPORTEXPORT_TAX,334,2,VNĐ,  - Thuế XNK,0.0,DPM
2019,NT_IS_EXPORT_DUTY,531,2,VNĐ,  - Thuế xuất khẩu,0.0,DPM
2019,NT_IS_GAINS_FROM_SALE_OF_FOREIGN_CURRENCY,545,2,VNĐ,  - Lãi bán ngoại tệ,0.0,DPM
2019,NT_IS_REALIZED_FOREIGN_EXCHANGE_GAINS,546,2,VNĐ,  - Lãi chênh lệch tỷ giá đã thực hiện,1164889509.0,DPM
2019,NT_IS_UNREALIZED_FOREIGN_EXCHANGE_GAINS,547,2,VNĐ,  - Lãi chênh lệch tỷ giá chưa thực hiện,0.0,DPM
2019,NT_IS_LOSS_FROM_SALE_OF_FOREIGN_CURRENCY,567,2,VNĐ,  - Lỗ bán ngoại tệ,0.0,DPM
2019,NT_IS_REALIZED_FOREIGN_EXCHANGE_LOSSES,568,2,VNĐ,  - Lỗ chênh lệch tỷ giá đã thực hiện,870076956.0,DPM
2019,NT_IS_UNREALIZED_FOREIGN_EXCHANGE_LOSSES,569,2,VNĐ,  - Lỗ chênh lệch tỷ giá chưa thực hiện,0.0,DPM
2018,NT_BS_IMPORTEXPORT_TAX,334,2,VNĐ,  - Thuế XNK,0.0,DPM
2018,NT_IS_EXPORT_DUTY,531,2,VNĐ,  - Thuế xuất khẩu,0.0,DPM
2018,NT_IS_GAINS_FROM_SALE_OF_FOREIGN_CURRENCY,545,2,VNĐ,  - Lãi bán ngoại tệ,0.0,DPM
2018,NT_IS_REALIZED_FOREIGN_EXCHANGE_GAINS,546,2,VNĐ,  - Lãi chênh lệch tỷ giá đã thực hiện,626977463.0,DPM
2018,NT_IS_UNREALIZED_FOREIGN_EXCHANGE_GAINS,547,2,VNĐ,  - Lãi chênh lệch tỷ giá chưa thực hiện,0.0,DPM
2018,NT_IS_LOSS_FROM_SALE_OF_FOREIGN_CURRENCY,567,2,VNĐ,  - Lỗ bán ngoại tệ,0.0,DPM
2018,NT_IS_REALIZED_FOREIGN_EXCHANGE_LOSSES,568,2,VNĐ,  - Lỗ chênh lệch tỷ giá đã thực hiện,11355986774.0,DPM
2018,NT_IS_UNREALIZED_FOREIGN_EXCHANGE_LOSSES,569,2,VNĐ,  - Lỗ chênh lệch tỷ giá chưa thực hiện,0.0,DPM
2025,NT_BS_IMPORTEXPORT_TAX,334,2,VNĐ,  - Thuế XNK,0.0,BFC
2025,NT_IS_EXPORT_DUTY,531,2,VNĐ,  - Thuế xuất khẩu,0.0,BFC
2025,NT_IS_GAINS_FROM_SALE_OF_FOREIGN_CURRENCY,545,2,VNĐ,  - Lãi bán ngoại tệ,0.0,BFC
2025,NT_IS_REALIZED_FOREIGN_EXCHANGE_GAINS,546,2,VNĐ,  - Lãi chênh lệch tỷ giá đã thực hiện,18934878165.0,BFC
2025,NT_IS_UNREALIZED_FOREIGN_EXCHANGE_GAINS,547,2,VNĐ,  - Lãi chênh lệch tỷ giá chưa thực hiện,0.0,BFC
2025,NT_IS_LOSS_FROM_SALE_OF_FOREIGN_CURRENCY,567,2,VNĐ,  - Lỗ bán ngoại tệ,0.0,BFC
2025,NT_IS_REALIZED_FOREIGN_EXCHANGE_LOSSES,568,2,VNĐ,  - Lỗ chênh lệch tỷ giá đã thực hiện,1943642959.0,BFC
2025,NT_IS_UNREALIZED_FOREIGN_EXCHANGE_LOSSES,569,2,VNĐ,  - Lỗ chênh lệch tỷ giá chưa thực hiện,0.0,BFC
2024,NT_BS_IMPORTEXPORT_TAX,334,2,VNĐ,  - Thuế XNK,0.0,BFC
2024,NT_IS_EXPORT_DUTY,531,2,VNĐ,  - Thuế xuất khẩu,0.0,BFC
2024,NT_IS_GAINS_FROM_SALE_OF_FOREIGN_CURRENCY,545,2,VNĐ,  - Lãi bán ngoại tệ,0.0,BFC
2024,NT_IS_REALIZED_FOREIGN_EXCHANGE_GAINS,546,2,VNĐ,  - Lãi chênh lệch tỷ giá đã thực hiện,22806776420.0,BFC
2024,NT_IS_UNREALIZED_FOREIGN_EXCHANGE_GAINS,547,2,VNĐ,  - Lãi chênh lệch tỷ giá chưa thực hiện,0.0,BFC
2024,NT_IS_LOSS_FROM_SALE_OF_FOREIGN_CURRENCY,567,2,VNĐ,  - Lỗ bán ngoại tệ,0.0,BFC
2024,NT_IS_REALIZED_FOREIGN_EXCHANGE_LOSSES,568,2,VNĐ,  - Lỗ chênh lệch tỷ giá đã thực hiện,7807805970.0,BFC
2024,NT_IS_UNREALIZED_FOREIGN_EXCHANGE_LOSSES,569,2,VNĐ,  - Lỗ chênh lệch tỷ giá chưa thực hiện,0.0,BFC
2023,NT_BS_IMPORTEXPORT_TAX,334,2,VNĐ,  - Thuế XNK,0.0,BFC
2023,NT_IS_EXPORT_DUTY,531,2,VNĐ,  - Thuế xuất khẩu,0.0,BFC
2023,NT_IS_GAINS_FROM_SALE_OF_FOREIGN_CURRENCY,545,2,VNĐ,  - Lãi bán ngoại tệ,0.0,BFC
2023,NT_IS_REALIZED_FOREIGN_EXCHANGE_GAINS,546,2,VNĐ,  - Lãi chênh lệch tỷ giá đã thực hiện,17924567135.0,BFC
2023,NT_IS_UNREALIZED_FOREIGN_EXCHANGE_GAINS,547,2,VNĐ,  - Lãi chênh lệch tỷ giá chưa thực hiện,0.0,BFC
2023,NT_IS_LOSS_FROM_SALE_OF_FOREIGN_CURRENCY,567,2,VNĐ,  - Lỗ bán ngoại tệ,0.0,BFC
2023,NT_IS_REALIZED_FOREIGN_EXCHANGE_LOSSES,568,2,VNĐ,  - Lỗ chênh lệch tỷ giá đã thực hiện,2516805641.0,BFC
2023,NT_IS_UNREALIZED_FOREIGN_EXCHANGE_LOSSES,569,2,VNĐ,  - Lỗ chênh lệch tỷ giá chưa thực hiện,0.0,BFC
2022,NT_BS_IMPORTEXPORT_TAX,334,2,VNĐ,  - Thuế XNK,0.0,BFC
2022,NT_IS_EXPORT_DUTY,531,2,VNĐ,  - Thuế xuất khẩu,0.0,BFC
2022,NT_IS_GAINS_FROM_SALE_OF_FOREIGN_CURRENCY,545,2,VNĐ,  - Lãi bán ngoại tệ,0.0,BFC
2022,NT_IS_REALIZED_FOREIGN_EXCHANGE_GAINS,546,2,VNĐ,  - Lãi chênh lệch tỷ giá đã thực hiện,12030326866.0,BFC
2022,NT_IS_UNREALIZED_FOREIGN_EXCHANGE_GAINS,547,2,VNĐ,  - Lãi chênh lệch tỷ giá chưa thực hiện,0.0,BFC
2022,NT_IS_LOSS_FROM_SALE_OF_FOREIGN_CURRENCY,567,2,VNĐ,  - Lỗ bán ngoại tệ,0.0,BFC
2022,NT_IS_REALIZED_FOREIGN_EXCHANGE_LOSSES,568,2,VNĐ,  - Lỗ chênh lệch tỷ giá đã thực hiện,20747617967.0,BFC
2022,NT_IS_UNREALIZED_FOREIGN_EXCHANGE_LOSSES,569,2,VNĐ,  - Lỗ chênh lệch tỷ giá chưa thực hiện,0.0,BFC
2021,NT_BS_IMPORTEXPORT_TAX,334,2,VNĐ,  - Thuế XNK,0.0,BFC
2021,NT_IS_EXPORT_DUTY,531,2,VNĐ,  - Thuế xuất khẩu,0.0,BFC
2021,NT_IS_GAINS_FROM_SALE_OF_FOREIGN_CURRENCY,545,2,VNĐ,  - Lãi bán ngoại tệ,0.0,BFC
2021,NT_IS_REALIZED_FOREIGN_EXCHANGE_GAINS,546,2,VNĐ,  - Lãi chênh lệch tỷ giá đã thực hiện,5887681220.0,BFC
2021,NT_IS_UNREALIZED_FOREIGN_EXCHANGE_GAINS,547,2,VNĐ,  - Lãi chênh lệch tỷ giá chưa thực hiện,0.0,BFC
2021,NT_IS_LOSS_FROM_SALE_OF_FOREIGN_CURRENCY,567,2,VNĐ,  - Lỗ bán ngoại tệ,0.0,BFC
2021,NT_IS_REALIZED_FOREIGN_EXCHANGE_LOSSES,568,2,VNĐ,  - Lỗ chênh lệch tỷ giá đã thực hiện,0.0,BFC
2021,NT_IS_UNREALIZED_FOREIGN_EXCHANGE_LOSSES,569,2,VNĐ,  - Lỗ chênh lệch tỷ giá chưa thực hiện,0.0,BFC
2020,NT_BS_IMPORTEXPORT_TAX,334,2,VNĐ,  - Thuế XNK,0.0,BFC
2020,NT_IS_EXPORT_DUTY,531,2,VNĐ,  - Thuế xuất khẩu,0.0,BFC
2020,NT_IS_GAINS_FROM_SALE_OF_FOREIGN_CURRENCY,545,2,VNĐ,  - Lãi bán ngoại tệ,0.0,BFC
2020,NT_IS_REALIZED_FOREIGN_EXCHANGE_GAINS,546,2,VNĐ,  - Lãi chênh lệch tỷ giá đã thực hiện,4137654495.0,BFC
2020,NT_IS_UNREALIZED_FOREIGN_EXCHANGE_GAINS,547,2,VNĐ,  - Lãi chênh lệch tỷ giá chưa thực hiện,0.0,BFC
2020,NT_IS_LOSS_FROM_SALE_OF_FOREIGN_CURRENCY,567,2,VNĐ,  - Lỗ bán ngoại tệ,0.0,BFC
2020,NT_IS_REALIZED_FOREIGN_EXCHANGE_LOSSES,568,2,VNĐ,  - Lỗ chênh lệch tỷ giá đã thực hiện,0.0,BFC
2020,NT_IS_UNREALIZED_FOREIGN_EXCHANGE_LOSSES,569,2,VNĐ,  - Lỗ chênh lệch tỷ giá chưa thực hiện,0.0,BFC
2019,NT_BS_IMPORTEXPORT_TAX,334,2,VNĐ,  - Thuế XNK,0.0,BFC
2019,NT_IS_EXPORT_DUTY,531,2,VNĐ,  - Thuế xuất khẩu,0.0,BFC
2019,NT_IS_GAINS_FROM_SALE_OF_FOREIGN_CURRENCY,545,2,VNĐ,  - Lãi bán ngoại tệ,0.0,BFC
2019,NT_IS_REALIZED_FOREIGN_EXCHANGE_GAINS,546,2,VNĐ,  - Lãi chênh lệch tỷ giá đã thực hiện,0.0,BFC
2019,NT_IS_UNREALIZED_FOREIGN_EXCHANGE_GAINS,547,2,VNĐ,  - Lãi chênh lệch tỷ giá chưa thực hiện,0.0,BFC
2019,NT_IS_LOSS_FROM_SALE_OF_FOREIGN_CURRENCY,567,2,VNĐ,  - Lỗ bán ngoại tệ,0.0,BFC
2019,NT_IS_REALIZED_FOREIGN_EXCHANGE_LOSSES,568,2,VNĐ,  - Lỗ chênh lệch tỷ giá đã thực hiện,0.0,BFC
2019,NT_IS_UNREALIZED_FOREIGN_EXCHANGE_LOSSES,569,2,VNĐ,  - Lỗ chênh lệch tỷ giá chưa thực hiện,0.0,BFC
2018,NT_BS_IMPORTEXPORT_TAX,334,2,VNĐ,  - Thuế XNK,0.0,BFC
2018,NT_IS_EXPORT_DUTY,531,2,VNĐ,  - Thuế xuất khẩu,0.0,BFC
2018,NT_IS_GAINS_FROM_SALE_OF_FOREIGN_CURRENCY,545,2,VNĐ,  - Lãi bán ngoại tệ,0.0,BFC
2018,NT_IS_REALIZED_FOREIGN_EXCHANGE_GAINS,546,2,VNĐ,  - Lãi chênh lệch tỷ giá đã thực hiện,5729706910.0,BFC
2018,NT_IS_UNREALIZED_FOREIGN_EXCHANGE_GAINS,547,2,VNĐ,  - Lãi chênh lệch tỷ giá chưa thực hiện,0.0,BFC
2018,NT_IS_LOSS_FROM_SALE_OF_FOREIGN_CURRENCY,567,2,VNĐ,  - Lỗ bán ngoại tệ,0.0,BFC
2018,NT_IS_REALIZED_FOREIGN_EXCHANGE_LOSSES,568,2,VNĐ,  - Lỗ chênh lệch tỷ giá đã thực hiện,3821174829.0,BFC
2018,NT_IS_UNREALIZED_FOREIGN_EXCHANGE_LOSSES,569,2,VNĐ,  - Lỗ chênh lệch tỷ giá chưa thực hiện,0.0,BFC
2025,NT_BS_IMPORTEXPORT_TAX,334,2,VNĐ,  - Thuế XNK,0.0,TCM
2025,NT_IS_EXPORT_DUTY,531,2,VNĐ,  - Thuế xuất khẩu,0.0,TCM
2025,NT_IS_GAINS_FROM_SALE_OF_FOREIGN_CURRENCY,545,2,VNĐ,  - Lãi bán ngoại tệ,0.0,TCM
2025,NT_IS_REALIZED_FOREIGN_EXCHANGE_GAINS,546,2,VNĐ,  - Lãi chênh lệch tỷ giá đã thực hiện,53849751296.0,TCM
2025,NT_IS_UNREALIZED_FOREIGN_EXCHANGE_GAINS,547,2,VNĐ,  - Lãi chênh lệch tỷ giá chưa thực hiện,0.0,TCM
2025,NT_IS_LOSS_FROM_SALE_OF_FOREIGN_CURRENCY,567,2,VNĐ,  - Lỗ bán ngoại tệ,0.0,TCM
2025,NT_IS_REALIZED_FOREIGN_EXCHANGE_LOSSES,568,2,VNĐ,  - Lỗ chênh lệch tỷ giá đã thực hiện,17003809668.0,TCM
2025,NT_IS_UNREALIZED_FOREIGN_EXCHANGE_LOSSES,569,2,VNĐ,  - Lỗ chênh lệch tỷ giá chưa thực hiện,4095210124.0,TCM
2024,NT_BS_IMPORTEXPORT_TAX,334,2,VNĐ,  - Thuế XNK,0.0,TCM
2024,NT_IS_EXPORT_DUTY,531,2,VNĐ,  - Thuế xuất khẩu,0.0,TCM
2024,NT_IS_GAINS_FROM_SALE_OF_FOREIGN_CURRENCY,545,2,VNĐ,  - Lãi bán ngoại tệ,0.0,TCM
2024,NT_IS_REALIZED_FOREIGN_EXCHANGE_GAINS,546,2,VNĐ,  - Lãi chênh lệch tỷ giá đã thực hiện,65966564923.0,TCM
2024,NT_IS_UNREALIZED_FOREIGN_EXCHANGE_GAINS,547,2,VNĐ,  - Lãi chênh lệch tỷ giá chưa thực hiện,3443520103.0,TCM
2024,NT_IS_LOSS_FROM_SALE_OF_FOREIGN_CURRENCY,567,2,VNĐ,  - Lỗ bán ngoại tệ,0.0,TCM
2024,NT_IS_REALIZED_FOREIGN_EXCHANGE_LOSSES,568,2,VNĐ,  - Lỗ chênh lệch tỷ giá đã thực hiện,39784755046.0,TCM
2024,NT_IS_UNREALIZED_FOREIGN_EXCHANGE_LOSSES,569,2,VNĐ,  - Lỗ chênh lệch tỷ giá chưa thực hiện,0.0,TCM
2023,NT_BS_IMPORTEXPORT_TAX,334,2,VNĐ,  - Thuế XNK,0.0,TCM
2023,NT_IS_EXPORT_DUTY,531,2,VNĐ,  - Thuế xuất khẩu,0.0,TCM
2023,NT_IS_GAINS_FROM_SALE_OF_FOREIGN_CURRENCY,545,2,VNĐ,  - Lãi bán ngoại tệ,0.0,TCM
2023,NT_IS_REALIZED_FOREIGN_EXCHANGE_GAINS,546,2,VNĐ,  - Lãi chênh lệch tỷ giá đã thực hiện,49142794472.0,TCM
2023,NT_IS_UNREALIZED_FOREIGN_EXCHANGE_GAINS,547,2,VNĐ,  - Lãi chênh lệch tỷ giá chưa thực hiện,0.0,TCM
2023,NT_IS_LOSS_FROM_SALE_OF_FOREIGN_CURRENCY,567,2,VNĐ,  - Lỗ bán ngoại tệ,0.0,TCM
2023,NT_IS_REALIZED_FOREIGN_EXCHANGE_LOSSES,568,2,VNĐ,  - Lỗ chênh lệch tỷ giá đã thực hiện,47589927732.0,TCM
2023,NT_IS_UNREALIZED_FOREIGN_EXCHANGE_LOSSES,569,2,VNĐ,  - Lỗ chênh lệch tỷ giá chưa thực hiện,2361184113.0,TCM
2022,NT_BS_IMPORTEXPORT_TAX,334,2,VNĐ,  - Thuế XNK,0.0,TCM
2022,NT_IS_EXPORT_DUTY,531,2,VNĐ,  - Thuế xuất khẩu,0.0,TCM
2022,NT_IS_GAINS_FROM_SALE_OF_FOREIGN_CURRENCY,545,2,VNĐ,  - Lãi bán ngoại tệ,0.0,TCM
2022,NT_IS_REALIZED_FOREIGN_EXCHANGE_GAINS,546,2,VNĐ,  - Lãi chênh lệch tỷ giá đã thực hiện,76628324922.0,TCM
2022,NT_IS_UNREALIZED_FOREIGN_EXCHANGE_GAINS,547,2,VNĐ,  - Lãi chênh lệch tỷ giá chưa thực hiện,6361558689.0,TCM
2022,NT_IS_LOSS_FROM_SALE_OF_FOREIGN_CURRENCY,567,2,VNĐ,  - Lỗ bán ngoại tệ,0.0,TCM
2022,NT_IS_REALIZED_FOREIGN_EXCHANGE_LOSSES,568,2,VNĐ,  - Lỗ chênh lệch tỷ giá đã thực hiện,99115553396.0,TCM
2022,NT_IS_UNREALIZED_FOREIGN_EXCHANGE_LOSSES,569,2,VNĐ,  - Lỗ chênh lệch tỷ giá chưa thực hiện,0.0,TCM
2021,NT_BS_IMPORTEXPORT_TAX,334,2,VNĐ,  - Thuế XNK,0.0,TCM
2021,NT_IS_EXPORT_DUTY,531,2,VNĐ,  - Thuế xuất khẩu,0.0,TCM
2021,NT_IS_GAINS_FROM_SALE_OF_FOREIGN_CURRENCY,545,2,VNĐ,  - Lãi bán ngoại tệ,0.0,TCM
2021,NT_IS_REALIZED_FOREIGN_EXCHANGE_GAINS,546,2,VNĐ,  - Lãi chênh lệch tỷ giá đã thực hiện,37464641375.0,TCM
2021,NT_IS_UNREALIZED_FOREIGN_EXCHANGE_GAINS,547,2,VNĐ,  - Lãi chênh lệch tỷ giá chưa thực hiện,0.0,TCM
2021,NT_IS_LOSS_FROM_SALE_OF_FOREIGN_CURRENCY,567,2,VNĐ,  - Lỗ bán ngoại tệ,0.0,TCM
2021,NT_IS_REALIZED_FOREIGN_EXCHANGE_LOSSES,568,2,VNĐ,  - Lỗ chênh lệch tỷ giá đã thực hiện,20054134097.0,TCM
2021,NT_IS_UNREALIZED_FOREIGN_EXCHANGE_LOSSES,569,2,VNĐ,  - Lỗ chênh lệch tỷ giá chưa thực hiện,11755131365.0,TCM
2020,NT_BS_IMPORTEXPORT_TAX,334,2,VNĐ,  - Thuế XNK,0.0,TCM
2020,NT_IS_EXPORT_DUTY,531,2,VNĐ,  - Thuế xuất khẩu,0.0,TCM
2020,NT_IS_GAINS_FROM_SALE_OF_FOREIGN_CURRENCY,545,2,VNĐ,  - Lãi bán ngoại tệ,0.0,TCM
2020,NT_IS_REALIZED_FOREIGN_EXCHANGE_GAINS,546,2,VNĐ,  - Lãi chênh lệch tỷ giá đã thực hiện,24437910072.0,TCM
2020,NT_IS_UNREALIZED_FOREIGN_EXCHANGE_GAINS,547,2,VNĐ,  - Lãi chênh lệch tỷ giá chưa thực hiện,0.0,TCM
2020,NT_IS_LOSS_FROM_SALE_OF_FOREIGN_CURRENCY,567,2,VNĐ,  - Lỗ bán ngoại tệ,0.0,TCM
2020,NT_IS_REALIZED_FOREIGN_EXCHANGE_LOSSES,568,2,VNĐ,  - Lỗ chênh lệch tỷ giá đã thực hiện,15612157755.0,TCM
2020,NT_IS_UNREALIZED_FOREIGN_EXCHANGE_LOSSES,569,2,VNĐ,  - Lỗ chênh lệch tỷ giá chưa thực hiện,4661707553.0,TCM
2019,NT_BS_IMPORTEXPORT_TAX,334,2,VNĐ,  - Thuế XNK,0.0,TCM
2019,NT_IS_EXPORT_DUTY,531,2,VNĐ,  - Thuế xuất khẩu,0.0,TCM
2019,NT_IS_GAINS_FROM_SALE_OF_FOREIGN_CURRENCY,545,2,VNĐ,  - Lãi bán ngoại tệ,0.0,TCM
2019,NT_IS_REALIZED_FOREIGN_EXCHANGE_GAINS,546,2,VNĐ,  - Lãi chênh lệch tỷ giá đã thực hiện,16600714981.0,TCM
2019,NT_IS_UNREALIZED_FOREIGN_EXCHANGE_GAINS,547,2,VNĐ,  - Lãi chênh lệch tỷ giá chưa thực hiện,0.0,TCM
2019,NT_IS_LOSS_FROM_SALE_OF_FOREIGN_CURRENCY,567,2,VNĐ,  - Lỗ bán ngoại tệ,0.0,TCM
2019,NT_IS_REALIZED_FOREIGN_EXCHANGE_LOSSES,568,2,VNĐ,  - Lỗ chênh lệch tỷ giá đã thực hiện,13394532271.0,TCM
2019,NT_IS_UNREALIZED_FOREIGN_EXCHANGE_LOSSES,569,2,VNĐ,  - Lỗ chênh lệch tỷ giá chưa thực hiện,0.0,TCM
2018,NT_BS_IMPORTEXPORT_TAX,334,2,VNĐ,  - Thuế XNK,0.0,TCM
2018,NT_IS_EXPORT_DUTY,531,2,VNĐ,  - Thuế xuất khẩu,0.0,TCM
2018,NT_IS_GAINS_FROM_SALE_OF_FOREIGN_CURRENCY,545,2,VNĐ,  - Lãi bán ngoại tệ,0.0,TCM
2018,NT_IS_REALIZED_FOREIGN_EXCHANGE_GAINS,546,2,VNĐ,  - Lãi chênh lệch tỷ giá đã thực hiện,15546109677.0,TCM
2018,NT_IS_UNREALIZED_FOREIGN_EXCHANGE_GAINS,547,2,VNĐ,  - Lãi chênh lệch tỷ giá chưa thực hiện,344442532.0,TCM
2018,NT_IS_LOSS_FROM_SALE_OF_FOREIGN_CURRENCY,567,2,VNĐ,  - Lỗ bán ngoại tệ,0.0,TCM
2018,NT_IS_REALIZED_FOREIGN_EXCHANGE_LOSSES,568,2,VNĐ,  - Lỗ chênh lệch tỷ giá đã thực hiện,30306458460.0,TCM
2018,NT_IS_UNREALIZED_FOREIGN_EXCHANGE_LOSSES,569,2,VNĐ,  - Lỗ chênh lệch tỷ giá chưa thực hiện,0.0,TCM
2025,NT_BS_IMPORTEXPORT_TAX,334,2,VNĐ,  - Thuế XNK,425931824.0,TNG
2025,NT_IS_EXPORT_DUTY,531,2,VNĐ,  - Thuế xuất khẩu,0.0,TNG
2025,NT_IS_GAINS_FROM_SALE_OF_FOREIGN_CURRENCY,545,2,VNĐ,  - Lãi bán ngoại tệ,0.0,TNG
2025,NT_IS_REALIZED_FOREIGN_EXCHANGE_GAINS,546,2,VNĐ,  - Lãi chênh lệch tỷ giá đã thực hiện,90561611901.0,TNG
2025,NT_IS_UNREALIZED_FOREIGN_EXCHANGE_GAINS,547,2,VNĐ,  - Lãi chênh lệch tỷ giá chưa thực hiện,0.0,TNG
2025,NT_IS_LOSS_FROM_SALE_OF_FOREIGN_CURRENCY,567,2,VNĐ,  - Lỗ bán ngoại tệ,0.0,TNG
2025,NT_IS_REALIZED_FOREIGN_EXCHANGE_LOSSES,568,2,VNĐ,  - Lỗ chênh lệch tỷ giá đã thực hiện,45433307684.0,TNG
2025,NT_IS_UNREALIZED_FOREIGN_EXCHANGE_LOSSES,569,2,VNĐ,  - Lỗ chênh lệch tỷ giá chưa thực hiện,0.0,TNG
2024,NT_BS_IMPORTEXPORT_TAX,334,2,VNĐ,  - Thuế XNK,0.0,TNG
2024,NT_IS_EXPORT_DUTY,531,2,VNĐ,  - Thuế xuất khẩu,0.0,TNG
2024,NT_IS_GAINS_FROM_SALE_OF_FOREIGN_CURRENCY,545,2,VNĐ,  - Lãi bán ngoại tệ,0.0,TNG
2024,NT_IS_REALIZED_FOREIGN_EXCHANGE_GAINS,546,2,VNĐ,  - Lãi chênh lệch tỷ giá đã thực hiện,117898083050.0,TNG
2024,NT_IS_UNREALIZED_FOREIGN_EXCHANGE_GAINS,547,2,VNĐ,  - Lãi chênh lệch tỷ giá chưa thực hiện,0.0,TNG
2024,NT_IS_LOSS_FROM_SALE_OF_FOREIGN_CURRENCY,567,2,VNĐ,  - Lỗ bán ngoại tệ,0.0,TNG
2024,NT_IS_REALIZED_FOREIGN_EXCHANGE_LOSSES,568,2,VNĐ,  - Lỗ chênh lệch tỷ giá đã thực hiện,134478225727.0,TNG
2024,NT_IS_UNREALIZED_FOREIGN_EXCHANGE_LOSSES,569,2,VNĐ,  - Lỗ chênh lệch tỷ giá chưa thực hiện,0.0,TNG
2023,NT_BS_IMPORTEXPORT_TAX,334,2,VNĐ,  - Thuế XNK,0.0,TNG
2023,NT_IS_EXPORT_DUTY,531,2,VNĐ,  - Thuế xuất khẩu,0.0,TNG
2023,NT_IS_GAINS_FROM_SALE_OF_FOREIGN_CURRENCY,545,2,VNĐ,  - Lãi bán ngoại tệ,0.0,TNG
2023,NT_IS_REALIZED_FOREIGN_EXCHANGE_GAINS,546,2,VNĐ,  - Lãi chênh lệch tỷ giá đã thực hiện,82921637648.0,TNG
2023,NT_IS_UNREALIZED_FOREIGN_EXCHANGE_GAINS,547,2,VNĐ,  - Lãi chênh lệch tỷ giá chưa thực hiện,0.0,TNG
2023,NT_IS_LOSS_FROM_SALE_OF_FOREIGN_CURRENCY,567,2,VNĐ,  - Lỗ bán ngoại tệ,0.0,TNG
2023,NT_IS_REALIZED_FOREIGN_EXCHANGE_LOSSES,568,2,VNĐ,  - Lỗ chênh lệch tỷ giá đã thực hiện,82041453605.0,TNG
2023,NT_IS_UNREALIZED_FOREIGN_EXCHANGE_LOSSES,569,2,VNĐ,  - Lỗ chênh lệch tỷ giá chưa thực hiện,0.0,TNG
2022,NT_BS_IMPORTEXPORT_TAX,334,2,VNĐ,  - Thuế XNK,0.0,TNG
2022,NT_IS_EXPORT_DUTY,531,2,VNĐ,  - Thuế xuất khẩu,0.0,TNG
2022,NT_IS_GAINS_FROM_SALE_OF_FOREIGN_CURRENCY,545,2,VNĐ,  - Lãi bán ngoại tệ,0.0,TNG
2022,NT_IS_REALIZED_FOREIGN_EXCHANGE_GAINS,546,2,VNĐ,  - Lãi chênh lệch tỷ giá đã thực hiện,118374678757.0,TNG
2022,NT_IS_UNREALIZED_FOREIGN_EXCHANGE_GAINS,547,2,VNĐ,  - Lãi chênh lệch tỷ giá chưa thực hiện,0.0,TNG
2022,NT_IS_LOSS_FROM_SALE_OF_FOREIGN_CURRENCY,567,2,VNĐ,  - Lỗ bán ngoại tệ,0.0,TNG
2022,NT_IS_REALIZED_FOREIGN_EXCHANGE_LOSSES,568,2,VNĐ,  - Lỗ chênh lệch tỷ giá đã thực hiện,113716775360.0,TNG
2022,NT_IS_UNREALIZED_FOREIGN_EXCHANGE_LOSSES,569,2,VNĐ,  - Lỗ chênh lệch tỷ giá chưa thực hiện,0.0,TNG
2021,NT_BS_IMPORTEXPORT_TAX,334,2,VNĐ,  - Thuế XNK,0.0,TNG
2021,NT_IS_EXPORT_DUTY,531,2,VNĐ,  - Thuế xuất khẩu,0.0,TNG
2021,NT_IS_GAINS_FROM_SALE_OF_FOREIGN_CURRENCY,545,2,VNĐ,  - Lãi bán ngoại tệ,0.0,TNG
2021,NT_IS_REALIZED_FOREIGN_EXCHANGE_GAINS,546,2,VNĐ,  - Lãi chênh lệch tỷ giá đã thực hiện,58025628057.0,TNG
2021,NT_IS_UNREALIZED_FOREIGN_EXCHANGE_GAINS,547,2,VNĐ,  - Lãi chênh lệch tỷ giá chưa thực hiện,0.0,TNG
2021,NT_IS_LOSS_FROM_SALE_OF_FOREIGN_CURRENCY,567,2,VNĐ,  - Lỗ bán ngoại tệ,0.0,TNG
2021,NT_IS_REALIZED_FOREIGN_EXCHANGE_LOSSES,568,2,VNĐ,  - Lỗ chênh lệch tỷ giá đã thực hiện,34655432861.0,TNG
2021,NT_IS_UNREALIZED_FOREIGN_EXCHANGE_LOSSES,569,2,VNĐ,  - Lỗ chênh lệch tỷ giá chưa thực hiện,0.0,TNG
2020,NT_BS_IMPORTEXPORT_TAX,334,2,VNĐ,  - Thuế XNK,0.0,TNG
2020,NT_IS_EXPORT_DUTY,531,2,VNĐ,  - Thuế xuất khẩu,0.0,TNG
2020,NT_IS_GAINS_FROM_SALE_OF_FOREIGN_CURRENCY,545,2,VNĐ,  - Lãi bán ngoại tệ,0.0,TNG
2020,NT_IS_REALIZED_FOREIGN_EXCHANGE_GAINS,546,2,VNĐ,  - Lãi chênh lệch tỷ giá đã thực hiện,29377643696.0,TNG
2020,NT_IS_UNREALIZED_FOREIGN_EXCHANGE_GAINS,547,2,VNĐ,  - Lãi chênh lệch tỷ giá chưa thực hiện,0.0,TNG
2020,NT_IS_LOSS_FROM_SALE_OF_FOREIGN_CURRENCY,567,2,VNĐ,  - Lỗ bán ngoại tệ,0.0,TNG
2020,NT_IS_REALIZED_FOREIGN_EXCHANGE_LOSSES,568,2,VNĐ,  - Lỗ chênh lệch tỷ giá đã thực hiện,13881724686.0,TNG
2020,NT_IS_UNREALIZED_FOREIGN_EXCHANGE_LOSSES,569,2,VNĐ,  - Lỗ chênh lệch tỷ giá chưa thực hiện,0.0,TNG
2019,NT_BS_IMPORTEXPORT_TAX,334,2,VNĐ,  - Thuế XNK,0.0,TNG
2019,NT_IS_EXPORT_DUTY,531,2,VNĐ,  - Thuế xuất khẩu,0.0,TNG
2019,NT_IS_GAINS_FROM_SALE_OF_FOREIGN_CURRENCY,545,2,VNĐ,  - Lãi bán ngoại tệ,0.0,TNG
2019,NT_IS_REALIZED_FOREIGN_EXCHANGE_GAINS,546,2,VNĐ,  - Lãi chênh lệch tỷ giá đã thực hiện,20557321967.0,TNG
2019,NT_IS_UNREALIZED_FOREIGN_EXCHANGE_GAINS,547,2,VNĐ,  - Lãi chênh lệch tỷ giá chưa thực hiện,0.0,TNG
2019,NT_IS_LOSS_FROM_SALE_OF_FOREIGN_CURRENCY,567,2,VNĐ,  - Lỗ bán ngoại tệ,0.0,TNG
2019,NT_IS_REALIZED_FOREIGN_EXCHANGE_LOSSES,568,2,VNĐ,  - Lỗ chênh lệch tỷ giá đã thực hiện,14360047816.0,TNG
2019,NT_IS_UNREALIZED_FOREIGN_EXCHANGE_LOSSES,569,2,VNĐ,  - Lỗ chênh lệch tỷ giá chưa thực hiện,0.0,TNG
2018,NT_BS_IMPORTEXPORT_TAX,334,2,VNĐ,  - Thuế XNK,0.0,TNG
2018,NT_IS_EXPORT_DUTY,531,2,VNĐ,  - Thuế xuất khẩu,0.0,TNG
2018,NT_IS_GAINS_FROM_SALE_OF_FOREIGN_CURRENCY,545,2,VNĐ,  - Lãi bán ngoại tệ,0.0,TNG
2018,NT_IS_REALIZED_FOREIGN_EXCHANGE_GAINS,546,2,VNĐ,  - Lãi chênh lệch tỷ giá đã thực hiện,27679252605.0,TNG
2018,NT_IS_UNREALIZED_FOREIGN_EXCHANGE_GAINS,547,2,VNĐ,  - Lãi chênh lệch tỷ giá chưa thực hiện,0.0,TNG
2018,NT_IS_LOSS_FROM_SALE_OF_FOREIGN_CURRENCY,567,2,VNĐ,  - Lỗ bán ngoại tệ,0.0,TNG
2018,NT_IS_REALIZED_FOREIGN_EXCHANGE_LOSSES,568,2,VNĐ,  - Lỗ chênh lệch tỷ giá đã thực hiện,44692993758.0,TNG
2018,NT_IS_UNREALIZED_FOREIGN_EXCHANGE_LOSSES,569,2,VNĐ,  - Lỗ chênh lệch tỷ giá chưa thực hiện,0.0,TNG
2025,NT_BS_IMPORTEXPORT_TAX,334,2,VNĐ,  - Thuế XNK,0.0,VHC
2025,NT_IS_EXPORT_DUTY,531,2,VNĐ,  - Thuế xuất khẩu,0.0,VHC
2025,NT_IS_GAINS_FROM_SALE_OF_FOREIGN_CURRENCY,545,2,VNĐ,  - Lãi bán ngoại tệ,0.0,VHC
2025,NT_IS_REALIZED_FOREIGN_EXCHANGE_GAINS,546,2,VNĐ,  - Lãi chênh lệch tỷ giá đã thực hiện,215610761993.0,VHC
2025,NT_IS_UNREALIZED_FOREIGN_EXCHANGE_GAINS,547,2,VNĐ,  - Lãi chênh lệch tỷ giá chưa thực hiện,0.0,VHC
2025,NT_IS_LOSS_FROM_SALE_OF_FOREIGN_CURRENCY,567,2,VNĐ,  - Lỗ bán ngoại tệ,0.0,VHC
2025,NT_IS_REALIZED_FOREIGN_EXCHANGE_LOSSES,568,2,VNĐ,  - Lỗ chênh lệch tỷ giá đã thực hiện,74945996622.0,VHC
2025,NT_IS_UNREALIZED_FOREIGN_EXCHANGE_LOSSES,569,2,VNĐ,  - Lỗ chênh lệch tỷ giá chưa thực hiện,0.0,VHC
2024,NT_BS_IMPORTEXPORT_TAX,334,2,VNĐ,  - Thuế XNK,0.0,VHC
2024,NT_IS_EXPORT_DUTY,531,2,VNĐ,  - Thuế xuất khẩu,0.0,VHC
2024,NT_IS_GAINS_FROM_SALE_OF_FOREIGN_CURRENCY,545,2,VNĐ,  - Lãi bán ngoại tệ,0.0,VHC
2024,NT_IS_REALIZED_FOREIGN_EXCHANGE_GAINS,546,2,VNĐ,  - Lãi chênh lệch tỷ giá đã thực hiện,264427917279.0,VHC
2024,NT_IS_UNREALIZED_FOREIGN_EXCHANGE_GAINS,547,2,VNĐ,  - Lãi chênh lệch tỷ giá chưa thực hiện,27022141806.0,VHC
2024,NT_IS_LOSS_FROM_SALE_OF_FOREIGN_CURRENCY,567,2,VNĐ,  - Lỗ bán ngoại tệ,0.0,VHC
2024,NT_IS_REALIZED_FOREIGN_EXCHANGE_LOSSES,568,2,VNĐ,  - Lỗ chênh lệch tỷ giá đã thực hiện,140403259999.0,VHC
2024,NT_IS_UNREALIZED_FOREIGN_EXCHANGE_LOSSES,569,2,VNĐ,  - Lỗ chênh lệch tỷ giá chưa thực hiện,0.0,VHC
2023,NT_BS_IMPORTEXPORT_TAX,334,2,VNĐ,  - Thuế XNK,0.0,VHC
2023,NT_IS_EXPORT_DUTY,531,2,VNĐ,  - Thuế xuất khẩu,0.0,VHC
2023,NT_IS_GAINS_FROM_SALE_OF_FOREIGN_CURRENCY,545,2,VNĐ,  - Lãi bán ngoại tệ,30553815599.0,VHC
2023,NT_IS_REALIZED_FOREIGN_EXCHANGE_GAINS,546,2,VNĐ,  - Lãi chênh lệch tỷ giá đã thực hiện,211201389311.0,VHC
2023,NT_IS_UNREALIZED_FOREIGN_EXCHANGE_GAINS,547,2,VNĐ,  - Lãi chênh lệch tỷ giá chưa thực hiện,0.0,VHC
2023,NT_IS_LOSS_FROM_SALE_OF_FOREIGN_CURRENCY,567,2,VNĐ,  - Lỗ bán ngoại tệ,0.0,VHC
2023,NT_IS_REALIZED_FOREIGN_EXCHANGE_LOSSES,568,2,VNĐ,  - Lỗ chênh lệch tỷ giá đã thực hiện,126876520622.0,VHC
2023,NT_IS_UNREALIZED_FOREIGN_EXCHANGE_LOSSES,569,2,VNĐ,  - Lỗ chênh lệch tỷ giá chưa thực hiện,0.0,VHC
2022,NT_BS_IMPORTEXPORT_TAX,334,2,VNĐ,  - Thuế XNK,0.0,VHC
2022,NT_IS_EXPORT_DUTY,531,2,VNĐ,  - Thuế xuất khẩu,0.0,VHC
2022,NT_IS_GAINS_FROM_SALE_OF_FOREIGN_CURRENCY,545,2,VNĐ,  - Lãi bán ngoại tệ,0.0,VHC
2022,NT_IS_REALIZED_FOREIGN_EXCHANGE_GAINS,546,2,VNĐ,  - Lãi chênh lệch tỷ giá đã thực hiện,338400687530.0,VHC
2022,NT_IS_UNREALIZED_FOREIGN_EXCHANGE_GAINS,547,2,VNĐ,  - Lãi chênh lệch tỷ giá chưa thực hiện,0.0,VHC
2022,NT_IS_LOSS_FROM_SALE_OF_FOREIGN_CURRENCY,567,2,VNĐ,  - Lỗ bán ngoại tệ,5954816513.0,VHC
2022,NT_IS_REALIZED_FOREIGN_EXCHANGE_LOSSES,568,2,VNĐ,  - Lỗ chênh lệch tỷ giá đã thực hiện,180525627725.0,VHC
2022,NT_IS_UNREALIZED_FOREIGN_EXCHANGE_LOSSES,569,2,VNĐ,  - Lỗ chênh lệch tỷ giá chưa thực hiện,0.0,VHC
2021,NT_BS_IMPORTEXPORT_TAX,334,2,VNĐ,  - Thuế XNK,0.0,VHC
2021,NT_IS_EXPORT_DUTY,531,2,VNĐ,  - Thuế xuất khẩu,0.0,VHC
2021,NT_IS_GAINS_FROM_SALE_OF_FOREIGN_CURRENCY,545,2,VNĐ,  - Lãi bán ngoại tệ,0.0,VHC
2021,NT_IS_REALIZED_FOREIGN_EXCHANGE_GAINS,546,2,VNĐ,  - Lãi chênh lệch tỷ giá đã thực hiện,80680476767.0,VHC
2021,NT_IS_UNREALIZED_FOREIGN_EXCHANGE_GAINS,547,2,VNĐ,  - Lãi chênh lệch tỷ giá chưa thực hiện,5244981471.0,VHC
2021,NT_IS_LOSS_FROM_SALE_OF_FOREIGN_CURRENCY,567,2,VNĐ,  - Lỗ bán ngoại tệ,0.0,VHC
2021,NT_IS_REALIZED_FOREIGN_EXCHANGE_LOSSES,568,2,VNĐ,  - Lỗ chênh lệch tỷ giá đã thực hiện,72019776958.0,VHC
2021,NT_IS_UNREALIZED_FOREIGN_EXCHANGE_LOSSES,569,2,VNĐ,  - Lỗ chênh lệch tỷ giá chưa thực hiện,0.0,VHC
2020,NT_BS_IMPORTEXPORT_TAX,334,2,VNĐ,  - Thuế XNK,0.0,VHC
2020,NT_IS_EXPORT_DUTY,531,2,VNĐ,  - Thuế xuất khẩu,0.0,VHC
2020,NT_IS_GAINS_FROM_SALE_OF_FOREIGN_CURRENCY,545,2,VNĐ,  - Lãi bán ngoại tệ,0.0,VHC
2020,NT_IS_REALIZED_FOREIGN_EXCHANGE_GAINS,546,2,VNĐ,  - Lãi chênh lệch tỷ giá đã thực hiện,61284033160.0,VHC
2020,NT_IS_UNREALIZED_FOREIGN_EXCHANGE_GAINS,547,2,VNĐ,  - Lãi chênh lệch tỷ giá chưa thực hiện,0.0,VHC
2020,NT_IS_LOSS_FROM_SALE_OF_FOREIGN_CURRENCY,567,2,VNĐ,  - Lỗ bán ngoại tệ,1164868526.0,VHC
2020,NT_IS_REALIZED_FOREIGN_EXCHANGE_LOSSES,568,2,VNĐ,  - Lỗ chênh lệch tỷ giá đã thực hiện,45447572018.0,VHC
2020,NT_IS_UNREALIZED_FOREIGN_EXCHANGE_LOSSES,569,2,VNĐ,  - Lỗ chênh lệch tỷ giá chưa thực hiện,0.0,VHC
2019,NT_BS_IMPORTEXPORT_TAX,334,2,VNĐ,  - Thuế XNK,0.0,VHC
2019,NT_IS_EXPORT_DUTY,531,2,VNĐ,  - Thuế xuất khẩu,0.0,VHC
2019,NT_IS_GAINS_FROM_SALE_OF_FOREIGN_CURRENCY,545,2,VNĐ,  - Lãi bán ngoại tệ,0.0,VHC
2019,NT_IS_REALIZED_FOREIGN_EXCHANGE_GAINS,546,2,VNĐ,  - Lãi chênh lệch tỷ giá đã thực hiện,47140293815.0,VHC
2019,NT_IS_UNREALIZED_FOREIGN_EXCHANGE_GAINS,547,2,VNĐ,  - Lãi chênh lệch tỷ giá chưa thực hiện,0.0,VHC
2019,NT_IS_LOSS_FROM_SALE_OF_FOREIGN_CURRENCY,567,2,VNĐ,  - Lỗ bán ngoại tệ,0.0,VHC
2019,NT_IS_REALIZED_FOREIGN_EXCHANGE_LOSSES,568,2,VNĐ,  - Lỗ chênh lệch tỷ giá đã thực hiện,29558675340.0,VHC
2019,NT_IS_UNREALIZED_FOREIGN_EXCHANGE_LOSSES,569,2,VNĐ,  - Lỗ chênh lệch tỷ giá chưa thực hiện,0.0,VHC
2018,NT_BS_IMPORTEXPORT_TAX,334,2,VNĐ,  - Thuế XNK,0.0,VHC
2018,NT_IS_EXPORT_DUTY,531,2,VNĐ,  - Thuế xuất khẩu,0.0,VHC
2018,NT_IS_GAINS_FROM_SALE_OF_FOREIGN_CURRENCY,545,2,VNĐ,  - Lãi bán ngoại tệ,0.0,VHC
2018,NT_IS_REALIZED_FOREIGN_EXCHANGE_GAINS,546,2,VNĐ,  - Lãi chênh lệch tỷ giá đã thực hiện,64633682907.0,VHC
2018,NT_IS_UNREALIZED_FOREIGN_EXCHANGE_GAINS,547,2,VNĐ,  - Lãi chênh lệch tỷ giá chưa thực hiện,0.0,VHC
2018,NT_IS_LOSS_FROM_SALE_OF_FOREIGN_CURRENCY,567,2,VNĐ,  - Lỗ bán ngoại tệ,0.0,VHC
2018,NT_IS_REALIZED_FOREIGN_EXCHANGE_LOSSES,568,2,VNĐ,  - Lỗ chênh lệch tỷ giá đã thực hiện,34114798298.0,VHC
2018,NT_IS_UNREALIZED_FOREIGN_EXCHANGE_LOSSES,569,2,VNĐ,  - Lỗ chênh lệch tỷ giá chưa thực hiện,0.0,VHC
2025,NT_BS_IMPORTEXPORT_TAX,334,2,VNĐ,  - Thuế XNK,0.0,FMC
2025,NT_IS_EXPORT_DUTY,531,2,VNĐ,  - Thuế xuất khẩu,0.0,FMC
2025,NT_IS_GAINS_FROM_SALE_OF_FOREIGN_CURRENCY,545,2,VNĐ,  - Lãi bán ngoại tệ,0.0,FMC
2025,NT_IS_REALIZED_FOREIGN_EXCHANGE_GAINS,546,2,VNĐ,  - Lãi chênh lệch tỷ giá đã thực hiện,91516116822.0,FMC
2025,NT_IS_UNREALIZED_FOREIGN_EXCHANGE_GAINS,547,2,VNĐ,  - Lãi chênh lệch tỷ giá chưa thực hiện,0.0,FMC
2025,NT_IS_LOSS_FROM_SALE_OF_FOREIGN_CURRENCY,567,2,VNĐ,  - Lỗ bán ngoại tệ,0.0,FMC
2025,NT_IS_REALIZED_FOREIGN_EXCHANGE_LOSSES,568,2,VNĐ,  - Lỗ chênh lệch tỷ giá đã thực hiện,15150775229.0,FMC
2025,NT_IS_UNREALIZED_FOREIGN_EXCHANGE_LOSSES,569,2,VNĐ,  - Lỗ chênh lệch tỷ giá chưa thực hiện,0.0,FMC
2024,NT_BS_IMPORTEXPORT_TAX,334,2,VNĐ,  - Thuế XNK,0.0,FMC
2024,NT_IS_EXPORT_DUTY,531,2,VNĐ,  - Thuế xuất khẩu,0.0,FMC
2024,NT_IS_GAINS_FROM_SALE_OF_FOREIGN_CURRENCY,545,2,VNĐ,  - Lãi bán ngoại tệ,0.0,FMC
2024,NT_IS_REALIZED_FOREIGN_EXCHANGE_GAINS,546,2,VNĐ,  - Lãi chênh lệch tỷ giá đã thực hiện,88505040310.0,FMC
2024,NT_IS_UNREALIZED_FOREIGN_EXCHANGE_GAINS,547,2,VNĐ,  - Lãi chênh lệch tỷ giá chưa thực hiện,0.0,FMC
2024,NT_IS_LOSS_FROM_SALE_OF_FOREIGN_CURRENCY,567,2,VNĐ,  - Lỗ bán ngoại tệ,0.0,FMC
2024,NT_IS_REALIZED_FOREIGN_EXCHANGE_LOSSES,568,2,VNĐ,  - Lỗ chênh lệch tỷ giá đã thực hiện,30051146373.0,FMC
2024,NT_IS_UNREALIZED_FOREIGN_EXCHANGE_LOSSES,569,2,VNĐ,  - Lỗ chênh lệch tỷ giá chưa thực hiện,0.0,FMC
2023,NT_BS_IMPORTEXPORT_TAX,334,2,VNĐ,  - Thuế XNK,0.0,FMC
2023,NT_IS_EXPORT_DUTY,531,2,VNĐ,  - Thuế xuất khẩu,0.0,FMC
2023,NT_IS_GAINS_FROM_SALE_OF_FOREIGN_CURRENCY,545,2,VNĐ,  - Lãi bán ngoại tệ,0.0,FMC
2023,NT_IS_REALIZED_FOREIGN_EXCHANGE_GAINS,546,2,VNĐ,  - Lãi chênh lệch tỷ giá đã thực hiện,51982755069.0,FMC
2023,NT_IS_UNREALIZED_FOREIGN_EXCHANGE_GAINS,547,2,VNĐ,  - Lãi chênh lệch tỷ giá chưa thực hiện,0.0,FMC
2023,NT_IS_LOSS_FROM_SALE_OF_FOREIGN_CURRENCY,567,2,VNĐ,  - Lỗ bán ngoại tệ,0.0,FMC
2023,NT_IS_REALIZED_FOREIGN_EXCHANGE_LOSSES,568,2,VNĐ,  - Lỗ chênh lệch tỷ giá đã thực hiện,33242652725.0,FMC
2023,NT_IS_UNREALIZED_FOREIGN_EXCHANGE_LOSSES,569,2,VNĐ,  - Lỗ chênh lệch tỷ giá chưa thực hiện,0.0,FMC
2022,NT_BS_IMPORTEXPORT_TAX,334,2,VNĐ,  - Thuế XNK,0.0,FMC
2022,NT_IS_EXPORT_DUTY,531,2,VNĐ,  - Thuế xuất khẩu,0.0,FMC
2022,NT_IS_GAINS_FROM_SALE_OF_FOREIGN_CURRENCY,545,2,VNĐ,  - Lãi bán ngoại tệ,0.0,FMC
2022,NT_IS_REALIZED_FOREIGN_EXCHANGE_GAINS,546,2,VNĐ,  - Lãi chênh lệch tỷ giá đã thực hiện,53185392556.0,FMC
2022,NT_IS_UNREALIZED_FOREIGN_EXCHANGE_GAINS,547,2,VNĐ,  - Lãi chênh lệch tỷ giá chưa thực hiện,0.0,FMC
2022,NT_IS_LOSS_FROM_SALE_OF_FOREIGN_CURRENCY,567,2,VNĐ,  - Lỗ bán ngoại tệ,0.0,FMC
2022,NT_IS_REALIZED_FOREIGN_EXCHANGE_LOSSES,568,2,VNĐ,  - Lỗ chênh lệch tỷ giá đã thực hiện,36933730057.0,FMC
2022,NT_IS_UNREALIZED_FOREIGN_EXCHANGE_LOSSES,569,2,VNĐ,  - Lỗ chênh lệch tỷ giá chưa thực hiện,0.0,FMC
2021,NT_BS_IMPORTEXPORT_TAX,334,2,VNĐ,  - Thuế XNK,0.0,FMC
2021,NT_IS_EXPORT_DUTY,531,2,VNĐ,  - Thuế xuất khẩu,0.0,FMC
2021,NT_IS_GAINS_FROM_SALE_OF_FOREIGN_CURRENCY,545,2,VNĐ,  - Lãi bán ngoại tệ,0.0,FMC
2021,NT_IS_REALIZED_FOREIGN_EXCHANGE_GAINS,546,2,VNĐ,  - Lãi chênh lệch tỷ giá đã thực hiện,39403836458.0,FMC
2021,NT_IS_UNREALIZED_FOREIGN_EXCHANGE_GAINS,547,2,VNĐ,  - Lãi chênh lệch tỷ giá chưa thực hiện,0.0,FMC
2021,NT_IS_LOSS_FROM_SALE_OF_FOREIGN_CURRENCY,567,2,VNĐ,  - Lỗ bán ngoại tệ,0.0,FMC
2021,NT_IS_REALIZED_FOREIGN_EXCHANGE_LOSSES,568,2,VNĐ,  - Lỗ chênh lệch tỷ giá đã thực hiện,18904080255.0,FMC
2021,NT_IS_UNREALIZED_FOREIGN_EXCHANGE_LOSSES,569,2,VNĐ,  - Lỗ chênh lệch tỷ giá chưa thực hiện,0.0,FMC
2020,NT_BS_IMPORTEXPORT_TAX,334,2,VNĐ,  - Thuế XNK,0.0,FMC
2020,NT_IS_EXPORT_DUTY,531,2,VNĐ,  - Thuế xuất khẩu,0.0,FMC
2020,NT_IS_GAINS_FROM_SALE_OF_FOREIGN_CURRENCY,545,2,VNĐ,  - Lãi bán ngoại tệ,0.0,FMC
2020,NT_IS_REALIZED_FOREIGN_EXCHANGE_GAINS,546,2,VNĐ,  - Lãi chênh lệch tỷ giá đã thực hiện,24668691692.0,FMC
2020,NT_IS_UNREALIZED_FOREIGN_EXCHANGE_GAINS,547,2,VNĐ,  - Lãi chênh lệch tỷ giá chưa thực hiện,0.0,FMC
2020,NT_IS_LOSS_FROM_SALE_OF_FOREIGN_CURRENCY,567,2,VNĐ,  - Lỗ bán ngoại tệ,0.0,FMC
2020,NT_IS_REALIZED_FOREIGN_EXCHANGE_LOSSES,568,2,VNĐ,  - Lỗ chênh lệch tỷ giá đã thực hiện,8712797112.0,FMC
2020,NT_IS_UNREALIZED_FOREIGN_EXCHANGE_LOSSES,569,2,VNĐ,  - Lỗ chênh lệch tỷ giá chưa thực hiện,0.0,FMC
2019,NT_BS_IMPORTEXPORT_TAX,334,2,VNĐ,  - Thuế XNK,0.0,FMC
2019,NT_IS_EXPORT_DUTY,531,2,VNĐ,  - Thuế xuất khẩu,0.0,FMC
2019,NT_IS_GAINS_FROM_SALE_OF_FOREIGN_CURRENCY,545,2,VNĐ,  - Lãi bán ngoại tệ,0.0,FMC
2019,NT_IS_REALIZED_FOREIGN_EXCHANGE_GAINS,546,2,VNĐ,  - Lãi chênh lệch tỷ giá đã thực hiện,11957987386.0,FMC
2019,NT_IS_UNREALIZED_FOREIGN_EXCHANGE_GAINS,547,2,VNĐ,  - Lãi chênh lệch tỷ giá chưa thực hiện,0.0,FMC
2019,NT_IS_LOSS_FROM_SALE_OF_FOREIGN_CURRENCY,567,2,VNĐ,  - Lỗ bán ngoại tệ,0.0,FMC
2019,NT_IS_REALIZED_FOREIGN_EXCHANGE_LOSSES,568,2,VNĐ,  - Lỗ chênh lệch tỷ giá đã thực hiện,4691524195.0,FMC
2019,NT_IS_UNREALIZED_FOREIGN_EXCHANGE_LOSSES,569,2,VNĐ,  - Lỗ chênh lệch tỷ giá chưa thực hiện,0.0,FMC
2018,NT_BS_IMPORTEXPORT_TAX,334,2,VNĐ,  - Thuế XNK,0.0,FMC
2018,NT_IS_EXPORT_DUTY,531,2,VNĐ,  - Thuế xuất khẩu,0.0,FMC
2018,NT_IS_GAINS_FROM_SALE_OF_FOREIGN_CURRENCY,545,2,VNĐ,  - Lãi bán ngoại tệ,0.0,FMC
2018,NT_IS_REALIZED_FOREIGN_EXCHANGE_GAINS,546,2,VNĐ,  - Lãi chênh lệch tỷ giá đã thực hiện,5659766342.0,FMC
2018,NT_IS_UNREALIZED_FOREIGN_EXCHANGE_GAINS,547,2,VNĐ,  - Lãi chênh lệch tỷ giá chưa thực hiện,0.0,FMC
2018,NT_IS_LOSS_FROM_SALE_OF_FOREIGN_CURRENCY,567,2,VNĐ,  - Lỗ bán ngoại tệ,0.0,FMC
2018,NT_IS_REALIZED_FOREIGN_EXCHANGE_LOSSES,568,2,VNĐ,  - Lỗ chênh lệch tỷ giá đã thực hiện,11038361478.0,FMC
2018,NT_IS_UNREALIZED_FOREIGN_EXCHANGE_LOSSES,569,2,VNĐ,  - Lỗ chênh lệch tỷ giá chưa thực hiện,0.0,FMC
