period,item_id,display_order,level,unit,item,value
2025,NT_BS_CASH_IN_TRANSIT,84,2,VNĐ,  - Tiền đang chuyển,0.0
2025,NT_BS_CASH_AND_CASH_EQUIVALENTS,87,2,VNĐ,  - Tiền và tương đương tiền,317238236802.0
2025,NT_BS_SHORTTERM_INVESTMENTS,112,2,VNĐ,  - Đầu tư tài chính NH,466556929750.0
2025,NT_BS_OTHER_SHORTTERM_INVESTMENTS,118,2,VNĐ,  - Đầu tư NH khác,0.0
2025,NT_BS_OTHER_RECEIVABLES,147,2,VNĐ,  - Phải thu ngắn hạn khác,19681099250.0
2025,NT_BS_OTHER_LONGTERM_INVESTMENTS,153,2,VNĐ,  - Đầu tư dài hạn khác,0.0
2025,NT_BS_INVESTMENT_IN_SECURITIES,154,2,VNĐ,  - Đầu tư cổ phiếu,0.0
2025,NT_BS_INVESTMENT_IN_BOND,155,2,VNĐ,  - Đầu tư trái phiếu,0.0
2025,NT_BS_LONGTERM_LOANS,157,2,VNĐ,  - Cho vay dài hạn,0.0
2025,NT_BS_RECEIVABLE_FROM_EMPLOYEES,263,2,VNĐ,  - Phải thu người lao động,0.0
2025,NT_BS_OTHER_LONGTERM_RECEIVABLES,268,1,VNĐ,Phải thu dài hạn khác,10680826157.0
2025,NT_BS_LOANS_WITHOUT_INTEREST,271,2,VNĐ,  - Cho vay không có lãi,0.0
2025,NT_BS_TANGIBLE_FIXED_ASSETS_HISTORICAL_COST,282,1,VNĐ,Nguyên giá TSCĐHH,4166429586455.0
2025,NT_BS_DECREASES,285,2,VNĐ,  - Giảm trong kỳ,-46070664801.0
2025,NT_BS_TANGIBLE_FIXED_ASSETS_ACCUMULATED_DEPRECIATION,286,1,VNĐ,Hao mòn TSCĐHH,1710035062321.0
2025,NT_BS_TANGIBLE_FIXED_ASSETS_ACCUMULATED_DEPRECIATION_DECREASES,289,2,VNĐ,  - Giảm trong kỳ,-44812469596.0
2025,NT_BS_FINANCE_LEASE_ASSETS_HISTORICAL_COST,290,1,VNĐ,Nguyên giá TSCĐ TTC,0.0
2025,NT_BS_FINANCE_LEASE_ASSETS_HISTORICAL_COST_DECREASES,293,2,VNĐ,  - Giảm trong kỳ,0.0
2025,NT_BS_FINANCE_LEASE_ASSETS_ACCUMULATED_DEPRECIATION,294,1,VNĐ,Hao mòn TSCĐ TTC,0.0
2025,NT_BS_FINANCE_LEASE_ASSETS_ACCUMULATED_DEPRECIATION_DECREASES,297,2,VNĐ,  - Giảm trong kỳ,0.0
2025,NT_BS_INTANGIBLE_FIXED_ASSETS_HISTORICAL_COST,298,1,VNĐ,Nguyên giá TSCĐVH,308862833939.0
2025,NT_BS_INTANGIBLE_FIXED_ASSETS_HISTORICAL_COST_DECREASES,301,2,VNĐ,  - Giảm trong kỳ,-185585000.0
2025,NT_BS_INTANGIBLE_FIXED_ASSETS_ACCUMULATED_AMORTIZATION,302,1,VNĐ,Hao mòn TSCĐVH,49115534816.0
2025,NT_BS_INTANGIBLE_FIXED_ASSETS_ACCUMULATED_AMORTIZATION_DECREASES,305,2,VNĐ,  - Giảm trong kỳ,-185585000.0
2025,NT_BS_SHORTTERM_LOANS_AND_LIABILITIES,306,1,VNĐ,Vay và nợ ngắn hạn,2371043890671.0
2025,NT_BS_SHORTTERM_LOANS,307,2,VNĐ,  - Vay ngắn hạn,1911733972514.0
2025,NT_BS_OTHER_PAY,319,1,VNĐ,Phải trả phải nộp khác,17536404718.0
2025,NT_BS_TRADE_UNION_FEES,321,2,VNĐ,  - Kinh phí công đoàn,5701488140.0
2025,NT_BS_SOCIAL_INSURANCE,322,2,VNĐ,  - Bảo hiểm xã hội,0.0
2025,NT_BS_UNEMPLOYMENT_INSURANCE,324,2,VNĐ,  - Bảo hiểm thất nghiệp,0.0
2025,NT_BS_UNREALIZED_REVENUE,329,2,VNĐ,  - Doanh thu chưa thực hiện,0.0
2025,NT_BS_TAXES_PAYABLE,331,1,VNĐ,Các khoản phải trả về Thuế,64900062854.0
2025,NT_BS_VALUE_ADDED_TAX,332,2,VNĐ,  - Thuế GTGT,0.0
2025,NT_BS_IMPORTEXPORT_TAX,334,2,VNĐ,  - Thuế XNK,425931824.0
2025,NT_BS_CORPORATE_INCOME_TAX,335,2,VNĐ,  - Thuế TNDN,60544819608.0
2025,NT_BS_PERSONAL_INCOME_TAX,336,2,VNĐ,  - Thuế TNCN,3375545828.0
2025,NT_BS_NATURAL_RESOURCES_TAX,337,2,VNĐ,  - Thuế Tài nguyên,0.0
2025,NT_BS_HOUSING_AND_LAND_TAX_AND_LAND_RENTAL,338,2,VNĐ,  - Thuế nhà đất và tiền thuê đất,0.0
2025,NT_BS_OTHER_TAXES,339,2,VNĐ,  - Các loại thuế khác,553765594.0
2025,NT_BS_OTHER_FEES_CHARGES,340,2,VNĐ,"  - Các khoản phí, lệ phí khác",0.0
2025,NT_BS_ADVANCES_ON_SALARY_DURING_THE_PERIOD_OF_TAKING_LEAVE,346,2,VNĐ,  - Trích trước CP lương nghỉ phép,0.0
2025,NT_BS_EXPENSES_FOR_MAJOR_REPAIR_TO_FIXED_ASSETS,347,2,VNĐ,  - Chi phí SCL TSCĐ,0.0
2025,NT_BS_EXPENSES_DURING_THE_PERIOD_OF_CESSATION_OF_BUSINESS_ACTIVITIES,348,2,VNĐ,  - Chi phí trong thời gian ngừng KD,0.0
2025,NT_BS_BANK_LOANS,355,2,VNĐ,  - Vay ngân hàng,561069331825.0
2025,NT_BS_LOANS_FROM_OTHER_LENDERS,356,2,VNĐ,  - Vay đối tượng khác,0.0
2025,NT_BS_ISSUED_BONDS,357,2,VNĐ,  - Trái phiếu phát hành,395272439271.0
2025,NT_BS_OTHER_LONGTERM_LIABILITIES,359,2,VNĐ,  - Nợ dài hạn khác,0.0
2025,NT_BS_CAPITAL_CONTRIBUTED_BY_THE_STATE,441,2,VNĐ,  - Vốn góp của nhà nước,0.0
2025,NT_BS_CAPITAL_CONTRIBUTED_BY_OTHER_ENTITIES,442,2,VNĐ,  - Vốn đầu tư của đối tượng khác,1287312660000.0
2025,NT_IS_REVENUE_DEDUCTIONS,483,2,VNĐ,  - Các khoản giảm trừ doanh thu,0.0
2025,NT_IS_NET_SALES,484,2,VNĐ,  - Doanh thu,8698588493272.0
2025,NT_IS_LABOR_COSTS,514,2,VNĐ,  - Chi phí nhân công,2763355092981.0
2025,NT_IS_SALES_OF_MERCHANDISE_GOODS,523,2,VNĐ,  - Doanh thu bán hàng,7305263800172.0
2025,NT_IS_SALE_FROM_SERVICES,524,2,VNĐ,  - Doanh thu cung cấp dịch vụ,1393324693100.0
2025,NT_IS_SALE_FROM_CONSTRUCTION_CONTRACTS,525,2,VNĐ,  - Doanh thu hợp đồng xây dựng,0.0
2025,NT_IS_TRADE_DISCOUNTS,526,2,VNĐ,  - Chiết khấu thương mại,0.0
2025,NT_IS_REDUCTIONS_IN_PRICES_OF_GOODS_SOLD,527,2,VNĐ,  - Giảm giá hàng bán,0.0
2025,NT_IS_SALES_RETURNS,528,2,VNĐ,  - Hàng bán bị trả lại,0.0
2025,NT_IS_VAT_PAYABLE,529,2,VNĐ,  - Thuế GTGT phải nộp,0.0
2025,NT_IS_SPECIAL_SALES_TAX,530,2,VNĐ,  - Thuế tiêu thụ đặc biệt,0.0
2025,NT_IS_EXPORT_DUTY,531,2,VNĐ,  - Thuế xuất khẩu,0.0
2025,NT_IS_MERCHANDISE_GOODS_SOLD,533,2,VNĐ,  - Giá vốn hàng hóa đã bán,6279304238900.0
2025,NT_IS_FINISHED_GOODS_SOLD,534,2,VNĐ,  - Giá vốn thành phẩm đã bán,0.0
2025,NT_IS_OTHER_SERVICES_PROVIDED,535,2,VNĐ,  - Giá vốn của dịch vụ cung cấp,1171581838600.0
2025,NT_IS_REAL_ESTATE_SERVICES_PROVIDED,536,2,VNĐ,"  - Giá trị còn lại, chi phí nhượng bán, Thanh lý BĐS đầu tư đã bán",0.0
2025,NT_IS_TRADE_EXPENSES_OF_INVESTED_PROPERTIES,537,2,VNĐ,  - Chi phí kinh doanh BĐS đầu tư,8504885863.0
2025,NT_IS_INVENTORIES_DEFICIENCIES,538,2,VNĐ,"  - Hao hụt, mất mát hàng tồn kho",0.0
2025,NT_IS_EXPENSES_IN_EXCESS_OF_NORMAL_VALUE,539,2,VNĐ,  - Các khoản chi phí vượt mức bình thường,0.0
2025,NT_IS_PROVREVERSAL_OF_PROVISION_THE_DECLINE_IN_VALUE_OF_INVENTORY,540,2,VNĐ,  - Dự phòng,0.0
2025,NT_IS_FINANCIAL_INCOME,541,1,VNĐ,Doanh thu tài chính,110695735079.0
2025,NT_IS_INTEREST_INCOME_ON_LOANS_AND_DEPOSITS_GRANTED,542,2,VNĐ,"  - Lãi tiền gửi, tiền cho vay",20134123178.0
2025,NT_IS_GAIN_ON_DISPOSAL_OF_SECURITIES,543,2,VNĐ,"  - Lãi đầu tư trái phiếu, kỳ phiếu, tín phiếu",0.0
2025,NT_IS_DIVIDENDS_INCOME,544,2,VNĐ,"  - Cổ tức, lợi nhuận được chia",0.0
2025,NT_IS_GAINS_FROM_SALE_OF_FOREIGN_CURRENCY,545,2,VNĐ,  - Lãi bán ngoại tệ,0.0
2025,NT_IS_REALIZED_FOREIGN_EXCHANGE_GAINS,546,2,VNĐ,  - Lãi chênh lệch tỷ giá đã thực hiện,90561611901.0
2025,NT_IS_UNREALIZED_FOREIGN_EXCHANGE_GAINS,547,2,VNĐ,  - Lãi chênh lệch tỷ giá chưa thực hiện,0.0
2025,NT_IS_GAINS_FROM_SALE_OF_DEFERRED_PAYMENTS_GOODS,548,2,VNĐ,  - Lãi bán hàng trả chậm,0.0
2025,NT_IS_FINANCIAL_EXPENSES,563,1,VNĐ,Chi phí tài chính,315698999450.0
2025,NT_IS_INTEREST_EXPENSES_ON_LOANS,564,2,VNĐ,  - Lãi tiền vay,212152786838.0
2025,NT_IS_PAYMENTS_DISCOUNT_GAINS_FROM_SALE_OF_DEFERRED_PAYMENTS_GOODS,565,2,VNĐ,"  - Chiết khấu thanh toán, lãi bán hàng trả chậm",0.0
2025,NT_IS_LOSS_FROM_DISPOSAL_OF_SHORTTERM_OR_LONGTERM_INVESTMENTS,566,2,VNĐ,"  - Lỗ do thanh lý các khoản đầu tư ngắn hạn, dài hạn",0.0
2025,NT_IS_LOSS_FROM_SALE_OF_FOREIGN_CURRENCY,567,2,VNĐ,  - Lỗ bán ngoại tệ,0.0
2025,NT_IS_REALIZED_FOREIGN_EXCHANGE_LOSSES,568,2,VNĐ,  - Lỗ chênh lệch tỷ giá đã thực hiện,45433307684.0
2025,NT_IS_UNREALIZED_FOREIGN_EXCHANGE_LOSSES,569,2,VNĐ,  - Lỗ chênh lệch tỷ giá chưa thực hiện,0.0
2025,NT_IS_PROVS_FOR_REDUCTION_IN_PRICE_OF_SHORTTERM_OR_LONGTERM_INVESTMENTS,570,2,VNĐ,"  - Dự phòng giảm giá các khoản đầu tư ngắn hạn, dài hạn",0.0
2025,NT_IS_FINANCIAL_EXPENSES_OTHERS,571,2,VNĐ,  - Chi phí tài chính khác,58112904928.0
2025,NT_IS_RAW_MATERIALS,573,2,VNĐ,"  - Chi phí nguyên liệu, vật liệu",4847421634205.0
2025,NT_IS_OUTSIDE_SERVICE_EXPENSES,576,2,VNĐ,  - Chi phí dịch vụ mua ngoài,336916510473.0
2025,NT_IS_OTHER_CASH_EXPENSES,577,2,VNĐ,  - Chi phí khác bằng tiền,165230752894.0
2024,NT_BS_CASH_IN_TRANSIT,84,2,VNĐ,  - Tiền đang chuyển,0.0
2024,NT_BS_CASH_AND_CASH_EQUIVALENTS,87,2,VNĐ,  - Tiền và tương đương tiền,444562511913.0
2024,NT_BS_SHORTTERM_INVESTMENTS,112,2,VNĐ,  - Đầu tư tài chính NH,260000000000.0
2024,NT_BS_OTHER_SHORTTERM_INVESTMENTS,118,2,VNĐ,  - Đầu tư NH khác,0.0
2024,NT_BS_OTHER_RECEIVABLES,147,2,VNĐ,  - Phải thu ngắn hạn khác,51438120510.0
2024,NT_BS_OTHER_LONGTERM_INVESTMENTS,153,2,VNĐ,  - Đầu tư dài hạn khác,0.0
2024,NT_BS_INVESTMENT_IN_SECURITIES,154,2,VNĐ,  - Đầu tư cổ phiếu,0.0
2024,NT_BS_INVESTMENT_IN_BOND,155,2,VNĐ,  - Đầu tư trái phiếu,0.0
2024,NT_BS_LONGTERM_LOANS,157,2,VNĐ,  - Cho vay dài hạn,0.0
2024,NT_BS_RECEIVABLE_FROM_EMPLOYEES,263,2,VNĐ,  - Phải thu người lao động,0.0
2024,NT_BS_OTHER_LONGTERM_RECEIVABLES,268,1,VNĐ,Phải thu dài hạn khác,10680826157.0
2024,NT_BS_LOANS_WITHOUT_INTEREST,271,2,VNĐ,  - Cho vay không có lãi,0.0
2024,NT_BS_TANGIBLE_FIXED_ASSETS_HISTORICAL_COST,282,1,VNĐ,Nguyên giá TSCĐHH,3479629193160.0
2024,NT_BS_DECREASES,285,2,VNĐ,  - Giảm trong kỳ,-67018479564.0
2024,NT_BS_TANGIBLE_FIXED_ASSETS_ACCUMULATED_DEPRECIATION,286,1,VNĐ,Hao mòn TSCĐHH,1518789652576.0
2024,NT_BS_TANGIBLE_FIXED_ASSETS_ACCUMULATED_DEPRECIATION_DECREASES,289,2,VNĐ,  - Giảm trong kỳ,-58130938310.0
2024,NT_BS_FINANCE_LEASE_ASSETS_HISTORICAL_COST,290,1,VNĐ,Nguyên giá TSCĐ TTC,0.0
2024,NT_BS_FINANCE_LEASE_ASSETS_HISTORICAL_COST_DECREASES,293,2,VNĐ,  - Giảm trong kỳ,0.0
2024,NT_BS_FINANCE_LEASE_ASSETS_ACCUMULATED_DEPRECIATION,294,1,VNĐ,Hao mòn TSCĐ TTC,0.0
2024,NT_BS_FINANCE_LEASE_ASSETS_ACCUMULATED_DEPRECIATION_DECREASES,297,2,VNĐ,  - Giảm trong kỳ,0.0
2024,NT_BS_INTANGIBLE_FIXED_ASSETS_HISTORICAL_COST,298,1,VNĐ,Nguyên giá TSCĐVH,197885252625.0
2024,NT_BS_INTANGIBLE_FIXED_ASSETS_HISTORICAL_COST_DECREASES,301,2,VNĐ,  - Giảm trong kỳ,0.0
2024,NT_BS_INTANGIBLE_FIXED_ASSETS_ACCUMULATED_AMORTIZATION,302,1,VNĐ,Hao mòn TSCĐVH,41560051470.0
2024,NT_BS_INTANGIBLE_FIXED_ASSETS_ACCUMULATED_AMORTIZATION_DECREASES,305,2,VNĐ,  - Giảm trong kỳ,0.0
2024,NT_BS_SHORTTERM_LOANS_AND_LIABILITIES,306,1,VNĐ,Vay và nợ ngắn hạn,1606743225427.0
2024,NT_BS_SHORTTERM_LOANS,307,2,VNĐ,  - Vay ngắn hạn,1400735872532.0
2024,NT_BS_OTHER_PAY,319,1,VNĐ,Phải trả phải nộp khác,16034547821.0
2024,NT_BS_TRADE_UNION_FEES,321,2,VNĐ,  - Kinh phí công đoàn,5018868363.0
2024,NT_BS_SOCIAL_INSURANCE,322,2,VNĐ,  - Bảo hiểm xã hội,0.0
2024,NT_BS_UNEMPLOYMENT_INSURANCE,324,2,VNĐ,  - Bảo hiểm thất nghiệp,0.0
2024,NT_BS_UNREALIZED_REVENUE,329,2,VNĐ,  - Doanh thu chưa thực hiện,0.0
2024,NT_BS_TAXES_PAYABLE,331,1,VNĐ,Các khoản phải trả về Thuế,34447111117.0
2024,NT_BS_VALUE_ADDED_TAX,332,2,VNĐ,  - Thuế GTGT,0.0
2024,NT_BS_IMPORTEXPORT_TAX,334,2,VNĐ,  - Thuế XNK,0.0
2024,NT_BS_CORPORATE_INCOME_TAX,335,2,VNĐ,  - Thuế TNDN,30036611044.0
2024,NT_BS_PERSONAL_INCOME_TAX,336,2,VNĐ,  - Thuế TNCN,3383760455.0
2024,NT_BS_NATURAL_RESOURCES_TAX,337,2,VNĐ,  - Thuế Tài nguyên,0.0
2024,NT_BS_HOUSING_AND_LAND_TAX_AND_LAND_RENTAL,338,2,VNĐ,  - Thuế nhà đất và tiền thuê đất,0.0
2024,NT_BS_OTHER_TAXES,339,2,VNĐ,  - Các loại thuế khác,1026739618.0
2024,NT_BS_OTHER_FEES_CHARGES,340,2,VNĐ,"  - Các khoản phí, lệ phí khác",0.0
2024,NT_BS_ADVANCES_ON_SALARY_DURING_THE_PERIOD_OF_TAKING_LEAVE,346,2,VNĐ,  - Trích trước CP lương nghỉ phép,0.0
2024,NT_BS_EXPENSES_FOR_MAJOR_REPAIR_TO_FIXED_ASSETS,347,2,VNĐ,  - Chi phí SCL TSCĐ,0.0
2024,NT_BS_EXPENSES_DURING_THE_PERIOD_OF_CESSATION_OF_BUSINESS_ACTIVITIES,348,2,VNĐ,  - Chi phí trong thời gian ngừng KD,0.0
2024,NT_BS_BANK_LOANS,355,2,VNĐ,  - Vay ngân hàng,1093121754896.0
2024,NT_BS_LOANS_FROM_OTHER_LENDERS,356,2,VNĐ,  - Vay đối tượng khác,0.0
2024,NT_BS_ISSUED_BONDS,357,2,VNĐ,  - Trái phiếu phát hành,0.0
2024,NT_BS_OTHER_LONGTERM_LIABILITIES,359,2,VNĐ,  - Nợ dài hạn khác,0.0
2024,NT_BS_CAPITAL_CONTRIBUTED_BY_THE_STATE,441,2,VNĐ,  - Vốn góp của nhà nước,0.0
2024,NT_BS_CAPITAL_CONTRIBUTED_BY_OTHER_ENTITIES,442,2,VNĐ,  - Vốn đầu tư của đối tượng khác,1226012060000.0
2024,NT_IS_REVENUE_DEDUCTIONS,483,2,VNĐ,  - Các khoản giảm trừ doanh thu,0.0
2024,NT_IS_NET_SALES,484,2,VNĐ,  - Doanh thu,7655752759635.0
2024,NT_IS_LABOR_COSTS,514,2,VNĐ,  - Chi phí nhân công,2304085605951.0
2024,NT_IS_SALES_OF_MERCHANDISE_GOODS,523,2,VNĐ,  - Doanh thu bán hàng,6459216868140.0
2024,NT_IS_SALE_FROM_SERVICES,524,2,VNĐ,  - Doanh thu cung cấp dịch vụ,1196535891495.0
2024,NT_IS_SALE_FROM_CONSTRUCTION_CONTRACTS,525,2,VNĐ,  - Doanh thu hợp đồng xây dựng,0.0
2024,NT_IS_TRADE_DISCOUNTS,526,2,VNĐ,  - Chiết khấu thương mại,0.0
2024,NT_IS_REDUCTIONS_IN_PRICES_OF_GOODS_SOLD,527,2,VNĐ,  - Giảm giá hàng bán,0.0
2024,NT_IS_SALES_RETURNS,528,2,VNĐ,  - Hàng bán bị trả lại,0.0
2024,NT_IS_VAT_PAYABLE,529,2,VNĐ,  - Thuế GTGT phải nộp,0.0
2024,NT_IS_SPECIAL_SALES_TAX,530,2,VNĐ,  - Thuế tiêu thụ đặc biệt,0.0
2024,NT_IS_EXPORT_DUTY,531,2,VNĐ,  - Thuế xuất khẩu,0.0
2024,NT_IS_MERCHANDISE_GOODS_SOLD,533,2,VNĐ,  - Giá vốn hàng hóa đã bán,5486927329633.0
2024,NT_IS_FINISHED_GOODS_SOLD,534,2,VNĐ,  - Giá vốn thành phẩm đã bán,0.0
2024,NT_IS_OTHER_SERVICES_PROVIDED,535,2,VNĐ,  - Giá vốn của dịch vụ cung cấp,949211946958.0
2024,NT_IS_REAL_ESTATE_SERVICES_PROVIDED,536,2,VNĐ,"  - Giá trị còn lại, chi phí nhượng bán, Thanh lý BĐS đầu tư đã bán",0.0
2024,NT_IS_TRADE_EXPENSES_OF_INVESTED_PROPERTIES,537,2,VNĐ,  - Chi phí kinh doanh BĐS đầu tư,37730972680.0
2024,NT_IS_INVENTORIES_DEFICIENCIES,538,2,VNĐ,"  - Hao hụt, mất mát hàng tồn kho",0.0
2024,NT_IS_EXPENSES_IN_EXCESS_OF_NORMAL_VALUE,539,2,VNĐ,  - Các khoản chi phí vượt mức bình thường,0.0
2024,NT_IS_PROVREVERSAL_OF_PROVISION_THE_DECLINE_IN_VALUE_OF_INVENTORY,540,2,VNĐ,  - Dự phòng,0.0
2024,NT_IS_FINANCIAL_INCOME,541,1,VNĐ,Doanh thu tài chính,125057123025.0
2024,NT_IS_INTEREST_INCOME_ON_LOANS_AND_DEPOSITS_GRANTED,542,2,VNĐ,"  - Lãi tiền gửi, tiền cho vay",7159039975.0
2024,NT_IS_GAIN_ON_DISPOSAL_OF_SECURITIES,543,2,VNĐ,"  - Lãi đầu tư trái phiếu, kỳ phiếu, tín phiếu",0.0
2024,NT_IS_DIVIDENDS_INCOME,544,2,VNĐ,"  - Cổ tức, lợi nhuận được chia",0.0
2024,NT_IS_GAINS_FROM_SALE_OF_FOREIGN_CURRENCY,545,2,VNĐ,  - Lãi bán ngoại tệ,0.0
2024,NT_IS_REALIZED_FOREIGN_EXCHANGE_GAINS,546,2,VNĐ,  - Lãi chênh lệch tỷ giá đã thực hiện,117898083050.0
2024,NT_IS_UNREALIZED_FOREIGN_EXCHANGE_GAINS,547,2,VNĐ,  - Lãi chênh lệch tỷ giá chưa thực hiện,0.0
2024,NT_IS_GAINS_FROM_SALE_OF_DEFERRED_PAYMENTS_GOODS,548,2,VNĐ,  - Lãi bán hàng trả chậm,0.0
2024,NT_IS_FINANCIAL_EXPENSES,563,1,VNĐ,Chi phí tài chính,371105657878.0
2024,NT_IS_INTEREST_EXPENSES_ON_LOANS,564,2,VNĐ,  - Lãi tiền vay,184426081216.0
2024,NT_IS_PAYMENTS_DISCOUNT_GAINS_FROM_SALE_OF_DEFERRED_PAYMENTS_GOODS,565,2,VNĐ,"  - Chiết khấu thanh toán, lãi bán hàng trả chậm",0.0
2024,NT_IS_LOSS_FROM_DISPOSAL_OF_SHORTTERM_OR_LONGTERM_INVESTMENTS,566,2,VNĐ,"  - Lỗ do thanh lý các khoản đầu tư ngắn hạn, dài hạn",0.0
2024,NT_IS_LOSS_FROM_SALE_OF_FOREIGN_CURRENCY,567,2,VNĐ,  - Lỗ bán ngoại tệ,0.0
2024,NT_IS_REALIZED_FOREIGN_EXCHANGE_LOSSES,568,2,VNĐ,  - Lỗ chênh lệch tỷ giá đã thực hiện,134478225727.0
2024,NT_IS_UNREALIZED_FOREIGN_EXCHANGE_LOSSES,569,2,VNĐ,  - Lỗ chênh lệch tỷ giá chưa thực hiện,0.0
2024,NT_IS_PROVS_FOR_REDUCTION_IN_PRICE_OF_SHORTTERM_OR_LONGTERM_INVESTMENTS,570,2,VNĐ,"  - Dự phòng giảm giá các khoản đầu tư ngắn hạn, dài hạn",0.0
2024,NT_IS_FINANCIAL_EXPENSES_OTHERS,571,2,VNĐ,  - Chi phí tài chính khác,52201350935.0
2024,NT_IS_RAW_MATERIALS,573,2,VNĐ,"  - Chi phí nguyên liệu, vật liệu",4058457508446.0
2024,NT_IS_OUTSIDE_SERVICE_EXPENSES,576,2,VNĐ,  - Chi phí dịch vụ mua ngoài,311070677402.0
2024,NT_IS_OTHER_CASH_EXPENSES,577,2,VNĐ,  - Chi phí khác bằng tiền,134623825189.0
2023,NT_BS_CASH_IN_TRANSIT,84,2,VNĐ,  - Tiền đang chuyển,0.0
2023,NT_BS_CASH_AND_CASH_EQUIVALENTS,87,2,VNĐ,  - Tiền và tương đương tiền,283755423299.0
2023,NT_BS_SHORTTERM_INVESTMENTS,112,2,VNĐ,  - Đầu tư tài chính NH,15000000000.0
2023,NT_BS_OTHER_SHORTTERM_INVESTMENTS,118,2,VNĐ,  - Đầu tư NH khác,0.0
2023,NT_BS_OTHER_RECEIVABLES,147,2,VNĐ,  - Phải thu ngắn hạn khác,77764978008.0
2023,NT_BS_OTHER_LONGTERM_INVESTMENTS,153,2,VNĐ,  - Đầu tư dài hạn khác,0.0
2023,NT_BS_INVESTMENT_IN_SECURITIES,154,2,VNĐ,  - Đầu tư cổ phiếu,0.0
2023,NT_BS_INVESTMENT_IN_BOND,155,2,VNĐ,  - Đầu tư trái phiếu,0.0
2023,NT_BS_LONGTERM_LOANS,157,2,VNĐ,  - Cho vay dài hạn,0.0
2023,NT_BS_RECEIVABLE_FROM_EMPLOYEES,263,2,VNĐ,  - Phải thu người lao động,0.0
2023,NT_BS_OTHER_LONGTERM_RECEIVABLES,268,1,VNĐ,Phải thu dài hạn khác,10680826157.0
2023,NT_BS_LOANS_WITHOUT_INTEREST,271,2,VNĐ,  - Cho vay không có lãi,0.0
2023,NT_BS_TANGIBLE_FIXED_ASSETS_HISTORICAL_COST,282,1,VNĐ,Nguyên giá TSCĐHH,3377794603345.0
2023,NT_BS_DECREASES,285,2,VNĐ,  - Giảm trong kỳ,-29531115017.0
2023,NT_BS_TANGIBLE_FIXED_ASSETS_ACCUMULATED_DEPRECIATION,286,1,VNĐ,Hao mòn TSCĐHH,1354873366164.0
2023,NT_BS_TANGIBLE_FIXED_ASSETS_ACCUMULATED_DEPRECIATION_DECREASES,289,2,VNĐ,  - Giảm trong kỳ,-27848595996.0
2023,NT_BS_FINANCE_LEASE_ASSETS_HISTORICAL_COST,290,1,VNĐ,Nguyên giá TSCĐ TTC,0.0
2023,NT_BS_FINANCE_LEASE_ASSETS_HISTORICAL_COST_DECREASES,293,2,VNĐ,  - Giảm trong kỳ,0.0
2023,NT_BS_FINANCE_LEASE_ASSETS_ACCUMULATED_DEPRECIATION,294,1,VNĐ,Hao mòn TSCĐ TTC,0.0
2023,NT_BS_FINANCE_LEASE_ASSETS_ACCUMULATED_DEPRECIATION_DECREASES,297,2,VNĐ,  - Giảm trong kỳ,0.0
2023,NT_BS_INTANGIBLE_FIXED_ASSETS_HISTORICAL_COST,298,1,VNĐ,Nguyên giá TSCĐVH,196752454384.0
2023,NT_BS_INTANGIBLE_FIXED_ASSETS_HISTORICAL_COST_DECREASES,301,2,VNĐ,  - Giảm trong kỳ,0.0
2023,NT_BS_INTANGIBLE_FIXED_ASSETS_ACCUMULATED_AMORTIZATION,302,1,VNĐ,Hao mòn TSCĐVH,34812357321.0
2023,NT_BS_INTANGIBLE_FIXED_ASSETS_ACCUMULATED_AMORTIZATION_DECREASES,305,2,VNĐ,  - Giảm trong kỳ,0.0
2023,NT_BS_SHORTTERM_LOANS_AND_LIABILITIES,306,1,VNĐ,Vay và nợ ngắn hạn,1819310026330.0
2023,NT_BS_SHORTTERM_LOANS,307,2,VNĐ,  - Vay ngắn hạn,1617667110038.0
2023,NT_BS_OTHER_PAY,319,1,VNĐ,Phải trả phải nộp khác,22121035083.0
2023,NT_BS_TRADE_UNION_FEES,321,2,VNĐ,  - Kinh phí công đoàn,12406982586.0
2023,NT_BS_SOCIAL_INSURANCE,322,2,VNĐ,  - Bảo hiểm xã hội,0.0
2023,NT_BS_UNEMPLOYMENT_INSURANCE,324,2,VNĐ,  - Bảo hiểm thất nghiệp,0.0
2023,NT_BS_UNREALIZED_REVENUE,329,2,VNĐ,  - Doanh thu chưa thực hiện,0.0
2023,NT_BS_TAXES_PAYABLE,331,1,VNĐ,Các khoản phải trả về Thuế,25334023978.0
2023,NT_BS_VALUE_ADDED_TAX,332,2,VNĐ,  - Thuế GTGT,435659686.0
2023,NT_BS_IMPORTEXPORT_TAX,334,2,VNĐ,  - Thuế XNK,0.0
2023,NT_BS_CORPORATE_INCOME_TAX,335,2,VNĐ,  - Thuế TNDN,21538310800.0
2023,NT_BS_PERSONAL_INCOME_TAX,336,2,VNĐ,  - Thuế TNCN,3085233682.0
2023,NT_BS_NATURAL_RESOURCES_TAX,337,2,VNĐ,  - Thuế Tài nguyên,0.0
2023,NT_BS_HOUSING_AND_LAND_TAX_AND_LAND_RENTAL,338,2,VNĐ,  - Thuế nhà đất và tiền thuê đất,0.0
2023,NT_BS_OTHER_TAXES,339,2,VNĐ,  - Các loại thuế khác,274819810.0
2023,NT_BS_OTHER_FEES_CHARGES,340,2,VNĐ,"  - Các khoản phí, lệ phí khác",0.0
2023,NT_BS_ADVANCES_ON_SALARY_DURING_THE_PERIOD_OF_TAKING_LEAVE,346,2,VNĐ,  - Trích trước CP lương nghỉ phép,0.0
2023,NT_BS_EXPENSES_FOR_MAJOR_REPAIR_TO_FIXED_ASSETS,347,2,VNĐ,  - Chi phí SCL TSCĐ,0.0
2023,NT_BS_EXPENSES_DURING_THE_PERIOD_OF_CESSATION_OF_BUSINESS_ACTIVITIES,348,2,VNĐ,  - Chi phí trong thời gian ngừng KD,0.0
2023,NT_BS_BANK_LOANS,355,2,VNĐ,  - Vay ngân hàng,821246865421.0
2023,NT_BS_LOANS_FROM_OTHER_LENDERS,356,2,VNĐ,  - Vay đối tượng khác,0.0
2023,NT_BS_ISSUED_BONDS,357,2,VNĐ,  - Trái phiếu phát hành,0.0
2023,NT_BS_OTHER_LONGTERM_LIABILITIES,359,2,VNĐ,  - Nợ dài hạn khác,0.0
2023,NT_BS_CAPITAL_CONTRIBUTED_BY_THE_STATE,441,2,VNĐ,  - Vốn góp của nhà nước,0.0
2023,NT_BS_CAPITAL_CONTRIBUTED_BY_OTHER_ENTITIES,442,2,VNĐ,  - Vốn đầu tư của đối tượng khác,0.0
2023,NT_IS_REVENUE_DEDUCTIONS,483,2,VNĐ,  - Các khoản giảm trừ doanh thu,0.0
2023,NT_IS_NET_SALES,484,2,VNĐ,  - Doanh thu,7095204710246.0
2023,NT_IS_LABOR_COSTS,514,2,VNĐ,  - Chi phí nhân công,2141784391108.0
2023,NT_IS_SALES_OF_MERCHANDISE_GOODS,523,2,VNĐ,  - Doanh thu bán hàng,5974956510650.0
2023,NT_IS_SALE_FROM_SERVICES,524,2,VNĐ,  - Doanh thu cung cấp dịch vụ,1120248199596.0
2023,NT_IS_SALE_FROM_CONSTRUCTION_CONTRACTS,525,2,VNĐ,  - Doanh thu hợp đồng xây dựng,0.0
2023,NT_IS_TRADE_DISCOUNTS,526,2,VNĐ,  - Chiết khấu thương mại,0.0
2023,NT_IS_REDUCTIONS_IN_PRICES_OF_GOODS_SOLD,527,2,VNĐ,  - Giảm giá hàng bán,0.0
2023,NT_IS_SALES_RETURNS,528,2,VNĐ,  - Hàng bán bị trả lại,0.0
2023,NT_IS_VAT_PAYABLE,529,2,VNĐ,  - Thuế GTGT phải nộp,0.0
2023,NT_IS_SPECIAL_SALES_TAX,530,2,VNĐ,  - Thuế tiêu thụ đặc biệt,0.0
2023,NT_IS_EXPORT_DUTY,531,2,VNĐ,  - Thuế xuất khẩu,0.0
2023,NT_IS_MERCHANDISE_GOODS_SOLD,533,2,VNĐ,  - Giá vốn hàng hóa đã bán,5103671981298.0
2023,NT_IS_FINISHED_GOODS_SOLD,534,2,VNĐ,  - Giá vốn thành phẩm đã bán,48762756985.0
2023,NT_IS_OTHER_SERVICES_PROVIDED,535,2,VNĐ,  - Giá vốn của dịch vụ cung cấp,948497232949.0
2023,NT_IS_REAL_ESTATE_SERVICES_PROVIDED,536,2,VNĐ,"  - Giá trị còn lại, chi phí nhượng bán, Thanh lý BĐS đầu tư đã bán",0.0
2023,NT_IS_TRADE_EXPENSES_OF_INVESTED_PROPERTIES,537,2,VNĐ,  - Chi phí kinh doanh BĐS đầu tư,14006563917.0
2023,NT_IS_INVENTORIES_DEFICIENCIES,538,2,VNĐ,"  - Hao hụt, mất mát hàng tồn kho",0.0
2023,NT_IS_EXPENSES_IN_EXCESS_OF_NORMAL_VALUE,539,2,VNĐ,  - Các khoản chi phí vượt mức bình thường,0.0
2023,NT_IS_PROVREVERSAL_OF_PROVISION_THE_DECLINE_IN_VALUE_OF_INVENTORY,540,2,VNĐ,  - Dự phòng,0.0
2023,NT_IS_FINANCIAL_INCOME,541,1,VNĐ,Doanh thu tài chính,98535242890.0
2023,NT_IS_INTEREST_INCOME_ON_LOANS_AND_DEPOSITS_GRANTED,542,2,VNĐ,"  - Lãi tiền gửi, tiền cho vay",15613605242.0
2023,NT_IS_GAIN_ON_DISPOSAL_OF_SECURITIES,543,2,VNĐ,"  - Lãi đầu tư trái phiếu, kỳ phiếu, tín phiếu",0.0
2023,NT_IS_DIVIDENDS_INCOME,544,2,VNĐ,"  - Cổ tức, lợi nhuận được chia",0.0
2023,NT_IS_GAINS_FROM_SALE_OF_FOREIGN_CURRENCY,545,2,VNĐ,  - Lãi bán ngoại tệ,0.0
2023,NT_IS_REALIZED_FOREIGN_EXCHANGE_GAINS,546,2,VNĐ,  - Lãi chênh lệch tỷ giá đã thực hiện,82921637648.0
2023,NT_IS_UNREALIZED_FOREIGN_EXCHANGE_GAINS,547,2,VNĐ,  - Lãi chênh lệch tỷ giá chưa thực hiện,0.0
2023,NT_IS_GAINS_FROM_SALE_OF_DEFERRED_PAYMENTS_GOODS,548,2,VNĐ,  - Lãi bán hàng trả chậm,0.0
2023,NT_IS_FINANCIAL_EXPENSES,563,1,VNĐ,Chi phí tài chính,325750517398.0
2023,NT_IS_INTEREST_EXPENSES_ON_LOANS,564,2,VNĐ,  - Lãi tiền vay,192417313148.0
2023,NT_IS_PAYMENTS_DISCOUNT_GAINS_FROM_SALE_OF_DEFERRED_PAYMENTS_GOODS,565,2,VNĐ,"  - Chiết khấu thanh toán, lãi bán hàng trả chậm",0.0
2023,NT_IS_LOSS_FROM_DISPOSAL_OF_SHORTTERM_OR_LONGTERM_INVESTMENTS,566,2,VNĐ,"  - Lỗ do thanh lý các khoản đầu tư ngắn hạn, dài hạn",0.0
2023,NT_IS_LOSS_FROM_SALE_OF_FOREIGN_CURRENCY,567,2,VNĐ,  - Lỗ bán ngoại tệ,0.0
2023,NT_IS_REALIZED_FOREIGN_EXCHANGE_LOSSES,568,2,VNĐ,  - Lỗ chênh lệch tỷ giá đã thực hiện,82041453605.0
2023,NT_IS_UNREALIZED_FOREIGN_EXCHANGE_LOSSES,569,2,VNĐ,  - Lỗ chênh lệch tỷ giá chưa thực hiện,0.0
2023,NT_IS_PROVS_FOR_REDUCTION_IN_PRICE_OF_SHORTTERM_OR_LONGTERM_INVESTMENTS,570,2,VNĐ,"  - Dự phòng giảm giá các khoản đầu tư ngắn hạn, dài hạn",0.0
2023,NT_IS_FINANCIAL_EXPENSES_OTHERS,571,2,VNĐ,  - Chi phí tài chính khác,51291750645.0
2023,NT_IS_RAW_MATERIALS,573,2,VNĐ,"  - Chi phí nguyên liệu, vật liệu",3594657948224.0
2023,NT_IS_OUTSIDE_SERVICE_EXPENSES,576,2,VNĐ,  - Chi phí dịch vụ mua ngoài,286372088942.0
2023,NT_IS_OTHER_CASH_EXPENSES,577,2,VNĐ,  - Chi phí khác bằng tiền,94974858878.0
2022,NT_BS_CASH_IN_TRANSIT,84,2,VNĐ,  - Tiền đang chuyển,0.0
2022,NT_BS_CASH_AND_CASH_EQUIVALENTS,87,2,VNĐ,  - Tiền và tương đương tiền,512492211463.0
2022,NT_BS_SHORTTERM_INVESTMENTS,112,2,VNĐ,  - Đầu tư tài chính NH,0.0
2022,NT_BS_OTHER_SHORTTERM_INVESTMENTS,118,2,VNĐ,  - Đầu tư NH khác,0.0
2022,NT_BS_OTHER_RECEIVABLES,147,2,VNĐ,  - Phải thu ngắn hạn khác,89132561237.0
2022,NT_BS_OTHER_LONGTERM_INVESTMENTS,153,2,VNĐ,  - Đầu tư dài hạn khác,0.0
2022,NT_BS_INVESTMENT_IN_SECURITIES,154,2,VNĐ,  - Đầu tư cổ phiếu,0.0
2022,NT_BS_INVESTMENT_IN_BOND,155,2,VNĐ,  - Đầu tư trái phiếu,0.0
2022,NT_BS_LONGTERM_LOANS,157,2,VNĐ,  - Cho vay dài hạn,0.0
2022,NT_BS_RECEIVABLE_FROM_EMPLOYEES,263,2,VNĐ,  - Phải thu người lao động,0.0
2022,NT_BS_OTHER_LONGTERM_RECEIVABLES,268,1,VNĐ,Phải thu dài hạn khác,10680826157.0
2022,NT_BS_LOANS_WITHOUT_INTEREST,271,2,VNĐ,  - Cho vay không có lãi,0.0
2022,NT_BS_TANGIBLE_FIXED_ASSETS_HISTORICAL_COST,282,1,VNĐ,Nguyên giá TSCĐHH,2962179867853.0
2022,NT_BS_DECREASES,285,2,VNĐ,  - Giảm trong kỳ,-22138318807.0
2022,NT_BS_TANGIBLE_FIXED_ASSETS_ACCUMULATED_DEPRECIATION,286,1,VNĐ,Hao mòn TSCĐHH,1171232864544.0
2022,NT_BS_TANGIBLE_FIXED_ASSETS_ACCUMULATED_DEPRECIATION_DECREASES,289,2,VNĐ,  - Giảm trong kỳ,-22138318807.0
2022,NT_BS_FINANCE_LEASE_ASSETS_HISTORICAL_COST,290,1,VNĐ,Nguyên giá TSCĐ TTC,0.0
2022,NT_BS_FINANCE_LEASE_ASSETS_HISTORICAL_COST_DECREASES,293,2,VNĐ,  - Giảm trong kỳ,0.0
2022,NT_BS_FINANCE_LEASE_ASSETS_ACCUMULATED_DEPRECIATION,294,1,VNĐ,Hao mòn TSCĐ TTC,0.0
2022,NT_BS_FINANCE_LEASE_ASSETS_ACCUMULATED_DEPRECIATION_DECREASES,297,2,VNĐ,  - Giảm trong kỳ,0.0
2022,NT_BS_INTANGIBLE_FIXED_ASSETS_HISTORICAL_COST,298,1,VNĐ,Nguyên giá TSCĐVH,47422684488.0
2022,NT_BS_INTANGIBLE_FIXED_ASSETS_HISTORICAL_COST_DECREASES,301,2,VNĐ,  - Giảm trong kỳ,0.0
2022,NT_BS_INTANGIBLE_FIXED_ASSETS_ACCUMULATED_AMORTIZATION,302,1,VNĐ,Hao mòn TSCĐVH,26011938766.0
2022,NT_BS_INTANGIBLE_FIXED_ASSETS_ACCUMULATED_AMORTIZATION_DECREASES,305,2,VNĐ,  - Giảm trong kỳ,0.0
2022,NT_BS_SHORTTERM_LOANS_AND_LIABILITIES,306,1,VNĐ,Vay và nợ ngắn hạn,1961006518037.0
2022,NT_BS_SHORTTERM_LOANS,307,2,VNĐ,  - Vay ngắn hạn,1632236191981.0
2022,NT_BS_OTHER_PAY,319,1,VNĐ,Phải trả phải nộp khác,14262914831.0
2022,NT_BS_TRADE_UNION_FEES,321,2,VNĐ,  - Kinh phí công đoàn,1969465620.0
2022,NT_BS_SOCIAL_INSURANCE,322,2,VNĐ,  - Bảo hiểm xã hội,0.0
2022,NT_BS_UNEMPLOYMENT_INSURANCE,324,2,VNĐ,  - Bảo hiểm thất nghiệp,0.0
2022,NT_BS_UNREALIZED_REVENUE,329,2,VNĐ,  - Doanh thu chưa thực hiện,0.0
2022,NT_BS_TAXES_PAYABLE,331,1,VNĐ,Các khoản phải trả về Thuế,18377666858.0
2022,NT_BS_VALUE_ADDED_TAX,332,2,VNĐ,  - Thuế GTGT,201548214.0
