group,event_q,term,beta,se,p,q_fdr_event
HighLiab_TopTercile,-8,lead_m8,-0.014278361249104633,0.003230732573042303,9.97197829333274e-06,6.035671072280342e-05
HighLiab_TopTercile,-7,lead_m7,-0.006163226113225189,,,1.0
HighLiab_TopTercile,-6,lead_m6,-0.0078096063514062584,0.0038811057070933705,0.04421843789652424,0.13038770148975098
HighLiab_TopTercile,-5,lead_m5,0.008898007981500838,0.00745821638303911,0.23287270030212381,0.5356072106948848
HighLiab_TopTercile,-4,lead_m4,-0.005556956884514376,0.007985208397125954,0.48650008430404057,0.9646122361200804
HighLiab_TopTercile,-3,lead_m3,-0.00727098781638866,,,1.0
HighLiab_TopTercile,-2,lead_m2,-0.007005460942969534,0.008368920667060171,0.4025628333805624,0.8417222879775396
HighLiab_TopTercile,0,lag_0,-0.02243618347077693,0.006128810619461752,0.00025246296229086695,0.0012097183609770708
HighLiab_TopTercile,1,lag_1,-0.02257350305442979,,,1.0
HighLiab_TopTercile,2,lag_2,-0.02063092005301889,0.004438209670138552,3.3771781284830382e-06,2.1576415820863854e-05
HighLiab_TopTercile,3,lag_3,-0.0024223608932277397,0.004690836453195046,0.6055820182094833,1.0
HighLiab_TopTercile,4,lag_4,-0.009818302004502443,,,1.0
HighLiab_TopTercile,5,lag_5,-0.011712262364866638,,,1.0
HighLiab_TopTercile,6,lag_6,0.0005405524624494239,0.005192008977610796,0.9170817823424098,1.0
HighLiab_TopTercile,7,lag_7,-0.02493460505258811,,,1.0
HighLiab_TopTercile,8,lag_8,-0.017885244808718212,0.004730785735069396,0.00015715351971046232,0.0007857675985523116
HighLiab_TopTercile,9,lag_9,-0.03182245523174029,0.004584902799878724,4.0887293550895265e-12,7.836731263921592e-11
HighLiab_TopTercile,10,lag_10,0.021413470935393388,0.0034289417752429332,4.37367697614377e-10,4.572480475059396e-09
HighLiab_TopTercile,11,lag_11,-0.01300199396572044,,,1.0
HighLiab_TopTercile,12,lag_12,-0.03769833162667926,0.002211678451746476,0.0,0.0
HighLiab_TopTercile,13,lag_13,0.0003713160978441576,0.0005121097363763851,0.4684214532798401,0.9450608267926598
HighLiab_TopTercile,14,lag_14,-0.008373579219736726,,,1.0
HighLiab_TopTercile,15,lag_15,-0.022728758466072727,,,1.0
CashConversionTrap,-8,lead_m8,0.00901645340976249,0.004347618216304755,0.038109993473942394,0.11533287498693093
CashConversionTrap,-7,lead_m7,5.3838144952117504e-05,,,1.0
CashConversionTrap,-6,lead_m6,0.013865521149997418,0.00457770559732995,0.0024591360685517483,0.010474098069757446
CashConversionTrap,-5,lead_m5,0.027917261300373777,0.006814474199933517,4.215420351028065e-05,0.00023084444779439405
CashConversionTrap,-4,lead_m4,0.0022187131737815956,0.007028309431788421,0.7522487548740198,1.0
CashConversionTrap,-3,lead_m3,-0.017197692074022358,,,1.0
CashConversionTrap,-2,lead_m2,0.018091028498956826,0.008614761481809407,0.035747971989374516,0.11110856158859646
CashConversionTrap,0,lag_0,-0.015118567499253195,0.005954473073128057,0.011127808584590726,0.04128058023315914
CashConversionTrap,1,lag_1,-0.02655306081922787,,,1.0
CashConversionTrap,2,lag_2,0.008373781870412671,0.005004308812392448,0.09428974737248796,0.2521702546008399
CashConversionTrap,3,lag_3,0.010359545958031164,0.004527444996122836,0.02214400273862882,0.07489883279242102
CashConversionTrap,4,lag_4,-0.0018733065105934934,0.002048544746069444,0.36049379921981717,0.7972459021207494
CashConversionTrap,5,lag_5,0.0037166811499826408,0.00042242884741329104,0.0,0.0
CashConversionTrap,6,lag_6,0.0072314282799230785,0.005449163323965478,0.1845086591507834,0.4330305265783692
CashConversionTrap,7,lag_7,-0.002872893507779194,,,1.0
CashConversionTrap,8,lag_8,0.003942596981720326,0.0043827742467796695,0.36836782535485835,0.7992886776567681
CashConversionTrap,9,lag_9,-0.008605148774162444,0.0030662456918267265,0.0050171918101598045,0.019232568605612583
CashConversionTrap,10,lag_10,0.018993677259683043,0.0064792908330030844,0.0033798450402040547,0.013402833780119527
CashConversionTrap,11,lag_11,0.0014617642307456953,,,1.0
CashConversionTrap,12,lag_12,-0.012232150462144752,0.0020118900732067607,1.2364123058716814e-09,1.093749347501872e-08
CashConversionTrap,13,lag_13,-0.009201351101055563,0.002265122100105984,4.890350228725637e-05,0.0002556319437742947
CashConversionTrap,14,lag_14,-0.006348866126401971,,,1.0
CashConversionTrap,15,lag_15,-0.007048144952208859,,,1.0
DoubleExposure_TopTercile,-8,lead_m8,-0.006336926370835591,,,1.0
DoubleExposure_TopTercile,-7,lead_m7,-0.015039856010940302,,,1.0
DoubleExposure_TopTercile,-6,lead_m6,0.005940808363235329,0.007882827295048552,0.4510796440449254,0.926324269020829
DoubleExposure_TopTercile,-5,lead_m5,0.018504142142376546,0.013767769071896174,0.17896598011444342,0.428772660690854
DoubleExposure_TopTercile,-4,lead_m4,0.005278089895247762,0.012938814885213342,0.6833341771438084,1.0
DoubleExposure_TopTercile,-3,lead_m3,-0.02762252744880239,,,1.0
DoubleExposure_TopTercile,-2,lead_m2,0.00372086063187501,0.014742762680876119,0.8007470828977241,1.0
DoubleExposure_TopTercile,0,lag_0,-0.021228112963109374,0.009238552309378804,0.021590584662003254,0.07489883279242102
DoubleExposure_TopTercile,1,lag_1,-0.04599658646222901,,,1.0
DoubleExposure_TopTercile,2,lag_2,-0.013416915043174512,0.008077707930800983,0.09674174976360916,0.2528477550639785
DoubleExposure_TopTercile,3,lag_3,0.01677231146887672,0.010324146128903157,0.1042784456052499,0.2664893609911942
DoubleExposure_TopTercile,4,lag_4,-0.009739961899035204,,,1.0
DoubleExposure_TopTercile,5,lag_5,-0.011840516209741704,,,1.0
DoubleExposure_TopTercile,6,lag_6,0.00605270216235249,0.010224455630813485,0.5538724949036555,1.0
DoubleExposure_TopTercile,7,lag_7,-0.02717227156489624,,,1.0
DoubleExposure_TopTercile,8,lag_8,-0.012446587422405156,0.008374215270852234,0.13722457889158735,0.33716655764518744
DoubleExposure_TopTercile,9,lag_9,-0.028700985149174452,0.006064409712112191,2.2392187402076047e-06,1.5147656183757325e-05
DoubleExposure_TopTercile,10,lag_10,0.014047290788137476,0.009464989650254864,0.13779850616803313,0.33716655764518744
DoubleExposure_TopTercile,11,lag_11,-0.01225457950336567,,,1.0
DoubleExposure_TopTercile,12,lag_12,-0.03443862063123334,0.0021240785355679803,0.0,0.0
DoubleExposure_TopTercile,13,lag_13,-0.0008365018146770382,,,1.0
DoubleExposure_TopTercile,14,lag_14,-0.006128140185120549,,,1.0
DoubleExposure_TopTercile,15,lag_15,-0.02737899853164845,,,1.0
FragileLowMarginFunding,-8,lead_m8,-0.0196924393080718,0.0029853642862191455,4.379674400922795e-11,5.596250623401349e-10
FragileLowMarginFunding,-7,lead_m7,-0.018365438362509003,,,1.0
FragileLowMarginFunding,-6,lead_m6,-0.010741413110690127,0.005685965298174907,0.05889958930784278,0.169336319260048
FragileLowMarginFunding,-5,lead_m5,-0.016482648336022157,0.007026278680310406,0.018998472076881656,0.06827575902629346
FragileLowMarginFunding,-4,lead_m4,-0.012830448190593738,0.01266927226312503,0.3112121175038258,0.7017528139792151
FragileLowMarginFunding,-3,lead_m3,-0.02549850031512377,,,1.0
FragileLowMarginFunding,-2,lead_m2,-0.01090512630984046,0.012443099725037859,0.3808292642995932,0.811025285082467
FragileLowMarginFunding,0,lag_0,-0.04175861629516243,0.008447996682435349,7.789121352352879e-07,5.97165970347054e-06
FragileLowMarginFunding,1,lag_1,-0.027764042015017063,0.005854748702750434,2.1374223384551527e-06,1.5147656183757325e-05
FragileLowMarginFunding,2,lag_2,-0.040041243409293076,0.0047272417659849335,0.0,0.0
FragileLowMarginFunding,3,lag_3,-0.00891417176830476,,,1.0
FragileLowMarginFunding,4,lag_4,-0.021893958436807793,,,1.0
FragileLowMarginFunding,5,lag_5,-0.012286884466987863,0.0068923673706018694,0.07466201700957775,0.20941785258784004
FragileLowMarginFunding,6,lag_6,-0.021410338892915336,,,1.0
FragileLowMarginFunding,7,lag_7,-0.01312494559263756,,,1.0
FragileLowMarginFunding,8,lag_8,-0.04489288839477635,0.006583945183220828,9.60809209971103e-12,1.578472273523955e-10
FragileLowMarginFunding,9,lag_9,-0.028661265815666512,0.009537438887409287,0.0026597711285698544,0.010924059992340474
FragileLowMarginFunding,10,lag_10,0.0006981879905577,,,1.0
FragileLowMarginFunding,11,lag_11,0.0005116266926800358,,,1.0
FragileLowMarginFunding,12,lag_12,-0.05018008579570109,0.004507945927936133,0.0,0.0
FragileLowMarginFunding,13,lag_13,-0.019011730543404784,,,1.0
FragileLowMarginFunding,14,lag_14,-0.017444639632316853,,,1.0
FragileLowMarginFunding,15,lag_15,-0.03441371290850083,,,1.0
AssetCommitmentMismatch,-8,lead_m8,-0.018729476488572087,0.010681651668804491,0.07955288428416551,0.2178233736352151
AssetCommitmentMismatch,-7,lead_m7,-0.020991398377811565,,,1.0
AssetCommitmentMismatch,-6,lead_m6,-0.03335027546519263,0.004979162049669209,2.201283599845283e-11,3.164345174777594e-10
AssetCommitmentMismatch,-5,lead_m5,-0.02201277149293556,,,1.0
AssetCommitmentMismatch,-4,lead_m4,-0.02342119911137084,0.01109727666494399,0.03483149211222303,0.11110856158859646
AssetCommitmentMismatch,-3,lead_m3,-0.00974955453217049,,,1.0
AssetCommitmentMismatch,-2,lead_m2,-0.02151597350218567,0.006174904512642817,0.0004948434428995174,0.0022762798373377803
AssetCommitmentMismatch,0,lag_0,-0.04497319182554609,0.007685184936255943,4.9772965748928755e-09,4.088493615090576e-08
AssetCommitmentMismatch,1,lag_1,-0.01733756817268906,,,1.0
AssetCommitmentMismatch,2,lag_2,-0.013248907988230849,0.005959507136917256,0.026222665749008778,0.08616018746102885
AssetCommitmentMismatch,3,lag_3,-0.023910928865403754,,,1.0
AssetCommitmentMismatch,4,lag_4,-0.02852854720496113,0.0067780721144489985,2.583064479177999e-05,0.00014852620755273493
AssetCommitmentMismatch,5,lag_5,-0.01647526729488887,,,1.0
AssetCommitmentMismatch,6,lag_6,-0.014300887704522978,0.004331795372578932,0.0009647379774984088,0.004267110285089116
AssetCommitmentMismatch,7,lag_7,-0.024800033102151488,,,1.0
AssetCommitmentMismatch,8,lag_8,-0.043291277586241954,0.006991231656954517,6.11274586503896e-10,5.858048120662336e-09
AssetCommitmentMismatch,9,lag_9,-0.00105792413333031,,,1.0
AssetCommitmentMismatch,10,lag_10,0.0009497765424061354,,,1.0
AssetCommitmentMismatch,11,lag_11,0.007218155501774184,,,1.0
AssetCommitmentMismatch,12,lag_12,-0.03662266413783048,0.005835547653810426,3.590379105133934e-10,4.128935970904024e-09
AssetCommitmentMismatch,13,lag_13,-0.007875160405843417,,,1.0
AssetCommitmentMismatch,14,lag_14,-0.01974149761089617,,,1.0
AssetCommitmentMismatch,15,lag_15,-0.0003663651394079261,,,1.0
