report,item_id
balance_sheet,BS_BUDGET_SOURCES_FORMING_FIXED_ASSETS
balance_sheet,BS_DUE_DIVIDEND_AND_INTEREST_RECEIVABLES
balance_sheet,BS_EMPLOYEE_WELFARE_PAYABLES
balance_sheet,BS_FINANCE_LEASE_FIXED_ASSETS
balance_sheet,BS_FINANCE_LEASE_FIXED_ASSETS_ACCUMULATED_DEPRECIATION
balance_sheet,BS_FINANCE_LEASE_FIXED_ASSETS_COST
balance_sheet,BS_FIXED_ASSETS
balance_sheet,BS_INSURANCE_CONTRACT_PAYABLE
balance_sheet,BS_INSURANCE_CONTRACT_RECEIVABLES
balance_sheet,BS_INTANGIBLE_FIXED_ASSETS
balance_sheet,BS_INTANGIBLE_FIXED_ASSETS_ACCUMULATED_DEPRECIATION
balance_sheet,BS_INTANGIBLE_FIXED_ASSETS_COST
balance_sheet,BS_INTERCOMPANY_PAYABLES_FOR_WORKING_CAPITAL
balance_sheet,BS_INTEREST_AND_FEE_PAYABLES
balance_sheet,BS_INTEREST_AND_FEE_RECEIVABLES
balance_sheet,BS_INVENTORIES
balance_sheet,BS_INVENTORIES_GROSS
balance_sheet,BS_LONG_TERM_DEPOSITS_COLLATERAL_RECEIVED
balance_sheet,BS_LONG_TERM_INTERCOMPANY_PAYABLES
balance_sheet,BS_LONG_TERM_INTERCOMPANY_RECEIVABLES
balance_sheet,BS_LONG_TERM_LOAN_RECEIVABLES
balance_sheet,BS_LONG_TERM_RECEIVABLES
balance_sheet,BS_LONG_TERM_TRADE_PAYABLES
balance_sheet,BS_LONG_TERM_TRADE_RECEIVABLES
balance_sheet,BS_LONG_TERM_UNEARNED_REVENUE
balance_sheet,BS_OFF_CUSTOMER_ERROR_CORRECTION_RECEIVABLES_PAYABLES
balance_sheet,BS_OFF_LEASED_FIXED_ASSETS
balance_sheet,BS_OFF_PAYABLES_BROKERAGE_LOANS
balance_sheet,BS_OFF_PAYABLES_DIVIDENDS_PRINCIPAL_INTEREST
balance_sheet,BS_OFF_PAYABLES_INVESTOR_DEPOSITS
balance_sheet,BS_OFF_PAYABLES_INVESTOR_DEPOSITS_DOMESTIC
balance_sheet,BS_OFF_PAYABLES_INVESTOR_DEPOSITS_FOREIGN
balance_sheet,BS_OFF_PAYABLES_ISSUER
balance_sheet,BS_OTHER_LONG_TERM_RECEIVABLES
balance_sheet,BS_OTHER_LONG_TERM_RECEIVABLES_LEGACY
balance_sheet,BS_OTHER_PAYABLES
balance_sheet,BS_OTHER_PAYABLES_AND_LIABILITIES
balance_sheet,BS_OTHER_PAYABLES_TO_SUPPLIERS
balance_sheet,BS_OTHER_RECEIVABLES
balance_sheet,BS_OTHER_RECEIVABLES_OF_CUSTOMERS
balance_sheet,BS_PAYABLES_GOVERNMENT_BONDS_TRADING
balance_sheet,BS_PAYABLES_SECURITIES_TRADING
balance_sheet,BS_PAYABLE_TO_EMPLOYEES
balance_sheet,BS_PROVISION_INVENTORIES
balance_sheet,BS_RECEIVABLES
balance_sheet,BS_RECEIVABLES_AND_ACCRUALS_FROM_DIVIDENDS_AND_INTEREST_INCOME
balance_sheet,BS_RECEIVABLES_FROM_DISPOSAL_OF_FINANCIAL_ASSETS
balance_sheet,BS_RECEIVABLES_UNDER_CONSTRUCTION_CONTRACTS
balance_sheet,BS_SERVICE_RELATED_RECEIVABLE
balance_sheet,BS_SHORT_TERM_DEPOSITS_RECEIVED
balance_sheet,BS_SHORT_TERM_INTERCOMPANY_PAYABLES
balance_sheet,BS_SHORT_TERM_INTER_COMPANY_RECEIVABLES
balance_sheet,BS_SHORT_TERM_LOAN_RECEIVABLES
balance_sheet,BS_SHORT_TERM_PAYABLES_FOR_CONSTRUCTION_CONTRACT_PROGRESS
balance_sheet,BS_SHORT_TERM_RECEIVABLES
balance_sheet,BS_SHORT_TERM_UNEARNED_REVENUE
balance_sheet,BS_TANGIBLE_FIXED_ASSETS
balance_sheet,BS_TANGIBLE_FIXED_ASSETS_ACCUMULATED_DEPRECIATION
balance_sheet,BS_TANGIBLE_FIXED_ASSETS_COST
balance_sheet,BS_TAXES_AND_OTHER_PAYABLES_TO_STATE_AUTHORITIES
balance_sheet,BS_TAXES_AND_OTHER_RECEIVABLES_FROM_STATE_AUTHORITIES
balance_sheet,BS_TRADE_ACCOUNTS_PAYABLE
balance_sheet,BS_TRADE_RECEIVABLES
balance_sheet,BS_UNDUE_DIVIDEND_AND_INTEREST_RECEIVABLES
balance_sheet,BS_UNEARNED_COMMISSION_REVENUES
cash_flow,CF_DISPOSAL_OF_FIXED_ASSETS_LOSSES
cash_flow,CF_DIVIDENDS_AND_INTEREST_RECEIVED
cash_flow,CF_DIVIDEND_INTEREST_RECEIVABLES_CHANGE
cash_flow,CF_EMPLOYEE_PAYABLES_CHANGE
cash_flow,CF_FINANCIAL_ASSET_DISPOSAL_RECEIVABLES_CHANGE
cash_flow,CF_INCREASE_DECREASE_IN_INTEREST_AND_FEE_PAYABLES
cash_flow,CF_INCREASE_DECREASE_IN_INTEREST_AND_FEE_RECEIVABLES
cash_flow,CF_INCREASE_DECREASE_IN_INVENTORY
cash_flow,CF_INCREASE_DECREASE_IN_PAYABLES
cash_flow,CF_INCREASE_DECREASE_IN_RECEIVABLES
cash_flow,CF_INTEREST_AND_SIMILAR_INCOME_RECEIVED
cash_flow,CF_INTEREST_RECEIVED
cash_flow,CF_LOANS_RECEIVABLES_DISPOSAL_GAINS
cash_flow,CF_NET_CASH_FLOWS_FROM_OPERATING_ACTIVITIES
cash_flow,CF_NET_CASH_FLOWS_FROM_OPERATING_ACTIVITIES_BEFORE_TAX
cash_flow,CF_NON_CASH_REVENUE_DECREASE
cash_flow,CF_OPERATING_PROFIT_BEFORE_CHANGES_IN_WORKING_CAPITAL
cash_flow,CF_PAYABLES_TO_ISSUERS_LEGACY
cash_flow,CF_PAYMENTS_FOR_FIXED_ASSETS
cash_flow,CF_PAYMENTS_FROM_DISPOSAL_OF_FIXED_ASSETS
cash_flow,CF_PROCEEDS_FROM_DISPOSAL_OF_FIXED_ASSETS
cash_flow,CF_RECEIVABLES_LEGACY
cash_flow,CF_SERVICES_RECEIVABLES_CHANGE
cash_flow,CF_TAX_PAYABLES_CHANGE
cash_flow,CF_TRADE_PAYABLES_CHANGE
cash_flow,CF_TRADING_ERROR_PAYABLES_CHANGE
cash_flow,CF_TRADING_ERROR_RECEIVABLES_CHANGE
cash_flow,CF_WELFARE_PAYABLES_CHANGE
income_statement,IS_GAINS_LOSS_FROM_REVALUATION_FIXED_ASSETS_BY_REASONABLE_VALUE_MODEL
income_statement,IS_GROSS_INSURANCE_OPERATING_PROFIT
income_statement,IS_INTEREST_EXPENSES_LOSSES_FROM_LOANS_AND_RECEIVABLES
income_statement,IS_INTEREST_INCOME_FROM_LOANS_AND_RECEIVABLES
income_statement,IS_NET_REVENUE
income_statement,IS_OPERATING_PROFIT
income_statement,IS_OPERATING_PROFIT_BEFORE_PROVISION_FOR_CREDIT_LOSSES
income_statement,IS_OTHER_REVENUE
income_statement,IS_PROFIT_FROM_INSURANCE_OPERATING
income_statement,IS_REINSURANCE_CESSION_REVENUE
income_statement,IS_REVENUE
income_statement,IS_REVENUE_DEDUCTIONS
income_statement,IS_REVENUE_FROM_BROKERAGE_SERVICES
income_statement,IS_REVENUE_FROM_ENTRUSTED_AUCTION_SERVICES
income_statement,IS_REVENUE_FROM_INVESTMENT_ADVISORY_SERVICES
income_statement,IS_REVENUE_FROM_PROPERTIES_INVESTMENT
income_statement,IS_REVENUE_FROM_PROPERTY_LEASE
income_statement,IS_REVENUE_FROM_SECURITIES_CUSTODY_SERVICES
income_statement,IS_REVENUE_FROM_SECURITIES_INVESTMENT_ADVISORY_SERVICES
income_statement,IS_REVENUE_FROM_SECURITIES_INVESTMENT_AND_CAPITAL_CONTRIBUTION
income_statement,IS_REVENUE_FROM_SHARE_ISSUE_GUARANTEE_AND_AGENCY_ACTIVITIES
income_statement,IS_TOTAL_NET_REVENUE_FROM_INSURANCE_BUSINESS
