symbol,pre_quarters,liab_ratio,nwc_tied_ratio,fixed_ratio,operating_margin,HighLiab_TopTercile,CashConversionTrap,DoubleExposure_TopTercile,FragileLowMarginFunding,AssetCommitmentMismatch
AAA,8,0.43071607646428006,0.35131698024359803,0.2806665716129142,0.039493163628740086,0,0,0,0,0
AAM,8,0.06614431371157667,0.378569295666743,0.13128460601341008,0.05375985255420597,0,0,0,0,0
ACC,8,0.3727410423450286,0.37269360322984363,0.09641632798063948,0.11281956739389716,0,0,0,0,0
ACL,8,0.5560152698469938,0.5666816820752127,0.2647701557558855,0.13362026403413307,1,1,1,0,1
ADC,8,0.5490547984827933,0.05949209423996034,0.14200219343931142,0.03328166413386506,1,0,0,0,0
ADS,8,0.6565415238461432,0.4694682101929206,0.22608567376076338,0.008211771241474564,1,1,1,1,0
AGR,8,0.02708260583745195,0.024226630395018094,0.003966916503791485,,0,0,0,0,0
ALT,8,0.13449898299963087,0.25368715884375603,0.1726368118696282,0.047373900024082774,0,0,0,0,0
AMC,8,0.44523893322674096,0.1822846110963979,0.47320586947449583,0.07871373231328173,0,0,0,0,0
AME,7,0.6946415647352561,0.7026927027788242,0.01608648107283417,0.0030045318081567424,1,1,1,1,0
AMV,8,0.037595506342851234,0.3433997933933639,0.09549966431561463,0.4359178837098374,0,0,0,0,0
ANV,8,0.4640599155884241,0.41732508360597387,0.15860409784490767,0.15770829378734175,0,0,0,0,0
APG,8,0.015456280763888048,0.4457502828757097,0.0006806744499947029,,0,1,0,0,0
API,8,0.595493300524921,0.6148467337397392,0.022596618557769108,0.0904765676250752,1,1,1,0,0
APS,8,0.037497641447868865,0.052394750628115515,0.0022680809159604815,,0,0,0,0,0
ARM,8,0.6719835465209945,0.6098146102783524,0.04345394768552989,0.04027421728408066,1,1,1,0,0
ASM,8,0.43913048005372024,0.40480342536263,0.21506676683668768,0.04744366639076524,0,0,0,0,0
ASP,8,0.5039460497022978,0.05924105021642105,0.06012796623103954,0.01875172021816961,1,0,0,1,0
AST,8,0.18384809044134875,0.0825886173460479,0.20478958199179692,0.23827385145644214,0,0,0,0,0
ATS,8,0.31526756431729946,0.4624041103782139,0.034426839709434345,0.031992325138255166,0,1,0,0,0
BAX,8,0.15886006461243646,0.0028920411672155484,0.05077971439810376,0.40317054692905163,0,0,0,0,0
BBS,8,0.6749548527197737,0.3415246968651149,0.38737778525363314,0.014041837223495671,1,0,0,1,1
BCC,8,0.5755108053964973,0.0435045089957701,0.6770740432565809,0.03638449220071748,1,0,0,0,1
BCE,8,0.674246764225436,0.3491213518376299,0.03058896560686901,0.05928943351655596,1,0,0,0,0
BED,8,0.3023834995404785,0.10922712284859654,0.3335529297317268,0.1233593895453501,0,0,0,0,0
BFC,8,0.6339560637490677,0.5664432850845218,0.20123238436269697,0.034711706726306205,1,1,1,0,0
BHN,8,0.3989428911067547,0.0939352414886975,0.3584313066618261,0.07519651923625459,0,0,0,0,0
BIC,8,0.5884932504115199,0.0068103194568029796,0.004434396410781431,,1,0,0,0,0
BKC,8,0.5382551489351107,0.4512104732416812,0.2858409396025038,-0.0007829462155881303,1,1,1,1,1
BMC,8,0.14046253490335453,0.38938524312569656,0.22764559208003676,0.145630721844219,0,0,0,0,0
BMI,8,0.600173156851447,0.07386770193477125,0.06944855849506149,,1,0,0,0,0
BMP,8,0.115702597811319,0.35812696245313713,0.298998872702125,0.12826691024173453,0,0,0,0,0
BPC,8,0.5735069092122695,0.7409665300039547,0.01637223467280117,0.02543379486934253,1,1,1,1,0
BRC,8,0.23809340930234507,0.3837285517898271,0.39773089486928936,0.09341839751165021,0,0,0,0,0
BTP,8,0.16847928837058918,0.17792946765724613,0.1363013518242386,0.09244503245360053,0,0,0,0,0
BTS,8,0.5838987087474092,0.03491244093985997,0.7110999233987123,0.018927919105192224,1,0,0,1,1
BTT,8,0.12790454835517406,0.012609868258325052,0.3826950382856359,0.1863111763725235,0,0,0,0,0
BTW,8,0.25226706052715014,-0.03478110553288392,0.4948225478230919,0.07340435191547082,0,0,0,0,0
BVH,8,0.21038166737618097,0.04345396607825836,0.014657672863956578,,0,0,0,0,0
BVS,8,0.23723738010240725,0.01089518919812444,0.006132486237003753,,0,0,0,0,0
BWE,8,0.12299104106494661,0.06955092451822097,0.34992496261053196,0.18244913671695112,0,0,0,0,0
BXH,8,0.5836248313858745,0.5940553674872381,0.07516168568313217,0.014621329774909873,1,1,1,1,0
C32,8,0.3392913893191281,0.3010570700864116,0.2061415211896208,0.09979247803001737,0,0,0,0,0
C47,8,0.5782142408052868,0.48207945715133205,0.3329980494773753,0.008351667360720396,1,1,1,1,1
C69,8,0.6182443191710421,0.635653262665471,0.13328768699688237,0.02341995814699769,1,1,1,1,0
CAG,8,0.038680240494708876,0.09962004424905596,0.5306452491913767,0.06148178542446062,0,0,0,0,0
CAN,8,0.5154081158527328,0.485974488729812,0.2320399953094855,0.008602985152260986,1,1,1,1,0
CAP,8,0.38378179341103824,0.4941075007182095,0.1995563003225626,0.06445281147378946,0,1,0,0,0
CCI,8,0.03843954582681422,0.04003030805757943,0.0347308613783065,0.10399633733280234,0,0,0,0,0
CCL,8,0.2914664865926475,0.48188291756599955,0.015594324254509954,0.10443419122736983,0,1,0,0,0
CDC,8,0.5138238436070008,0.5572881250650117,0.013158823156050731,0.07678153046282926,1,1,1,0,0
CDN,8,0.09336604099225324,0.03569612960741597,0.6400836762128799,0.2809703779335606,0,0,0,0,0
CEO,8,0.5371590245796514,0.38450869880258487,0.16497791956740795,0.19628545414600482,1,0,0,0,0
CET,8,0.2853455871695684,0.5797358969299107,0.24891415145760634,0.016257090702388108,0,1,0,0,0
CHP,8,0.0999269396495144,0.007043850710182745,0.8348498595464553,0.16718091173668964,0,0,0,0,0
CIA,8,0.14048085860640908,0.17338099912698884,0.3247579863072728,0.12720838230115322,0,0,0,0,0
CIG,8,0.5527999223666997,0.42545163111680323,0.024123105368793626,-2.1593122347239238,1,0,0,1,0
CII,8,0.26696991948587534,0.2309763925915049,0.23980796740399676,0.06221198078053643,0,0,0,0,0
CJC,8,0.6013434954730924,0.636012060967081,0.08725790223368998,0.004713097100227262,1,1,1,1,0
CKV,8,0.5360596291208337,0.21340025173303076,0.269231100104306,0.02061798594397527,1,0,0,1,1
CLC,8,0.3719951866556508,0.7092772580917149,0.07101677117555084,0.09105959294543028,0,1,0,0,0
CLH,8,0.4846478076328088,0.08604723558673213,0.7816402844593577,0.05171104513081548,1,0,0,0,1
CLL,8,0.09368249529652024,0.1339222702443979,0.5154373210588913,0.30549697314167046,0,0,0,0,0
CLM,8,0.827747626182251,0.4723202600579669,0.0010008025292217186,0.00908429000565359,1,1,1,1,0
CLW,8,0.40308558802796224,-0.09227324547391852,0.4867527985310057,0.023068782149190264,0,0,0,0,0
CMC,8,0.4184067201882159,0.29793604789621586,0.012664880761138569,0.005396201469705399,0,0,0,0,0
CMG,8,0.4741547857263537,0.23792679192679553,0.29979782067266936,0.0476008884302639,1,0,0,0,1
CMS,8,0.4481897135511911,0.3563979023119773,0.30786961991236333,0.02149594243683567,0,0,0,0,0
CMV,8,0.7175587356109694,0.4271599562813464,0.15253036291902733,-0.0005403002262873431,1,0,0,1,0
CMX,8,0.8247840146987742,0.382015352397411,0.15475556966268417,0.08682417957003685,1,0,0,0,0
CNG,8,0.3570257225683625,0.07349022501940178,0.20236687374348872,0.058238203665929994,0,0,0,0,0
COM,8,0.11108589343092158,0.2951037909747072,0.48597932674993016,0.023528264542478486,0,0,0,0,0
CPC,8,0.4241705690501887,0.5759997768790923,0.10667258500880031,0.05243455590487052,0,1,0,0,0
CRC,8,0.4321875213775827,0.5262298927307636,0.09853939354973269,0.05251143776094118,0,1,0,0,0
CRE,7,0.3319635323364616,0.5815247683185836,0.06066813880395632,0.23583014198397934,0,1,0,0,0
CSC,8,0.4670224068033034,0.3721648641739783,0.0666322738771925,0.02598984741890884,0,0,0,0,0
CSM,8,0.5402645462111242,0.4251020860184024,0.4268179689602195,0.005710665506444725,1,0,0,1,1
CSV,8,0.200074898911769,0.3420343797891874,0.05677536034401348,0.20231974566476923,0,0,0,0,0
CTB,8,0.5663598791126903,0.4388868060507975,0.1218144691961398,0.0590094936974584,1,1,1,0,0
CTD,8,0.472708562579954,0.31511804019533624,0.04903722330055631,0.050891090648871026,1,0,0,0,0
CTF,8,0.6535062371913412,0.6256894161329529,0.10739456672426356,-0.001136604404709341,1,1,1,1,0
CTI,8,0.1406934313578969,0.051187150928997685,0.5888084429551812,0.16327153234760883,0,0,0,0,0
CTP,8,0.2473246334000282,0.4567379943923301,0.27943740779042986,-0.05601708174542912,0,1,0,0,0
CTS,8,0.38787682661052986,0.010604203129060009,0.02851010226337037,,0,0,0,0,0
CTT,8,0.8573137113231379,0.2383264162616555,0.3130923934489729,0.005629680196344538,1,0,0,1,1
CVT,8,0.43318232351479175,0.2877602767597124,0.48119988492096877,0.1309513987881762,0,0,0,0,0
CX8,8,0.7214990084010309,0.8416628101229378,0.010816138857923634,0.006865646871981209,1,1,1,1,0
D11,8,0.6382830942634534,0.7532372343460643,0.006100553389138179,0.06716239884401705,1,1,1,0,0
D2D,8,0.3169579558753148,0.20533183879475164,0.00303456643587797,0.5256276076139896,0,0,0,0,0
DAD,8,0.2748729851642504,0.3733531012384316,0.16965540030527515,0.037188843198013424,0,0,0,0,0
DAE,8,0.22088229170801424,0.498975842652632,0.0800601500843361,0.08556532083441093,0,1,0,0,0
DAH,8,0.18628451359112091,0.11149795724783997,0.7742030040698535,0.020615288352307276,0,0,0,0,0
DAT,8,0.4885717812932703,0.28604548202374847,0.24240217750266513,0.028624042382079405,1,0,0,0,0
DBC,8,0.4863196904350907,0.26567350699069736,0.37225705969373585,0.035058853391441706,1,0,0,0,1
DBD,8,0.32466442884107727,0.38971140995078835,0.14982915020755358,0.14454161121781262,0,0,0,0,0
DC2,8,0.6864443833953122,0.5242561075448715,0.10470591131972695,0.005409943208756723,1,1,1,1,0
DCL,8,0.19405278750717503,0.2731626631225242,0.2481542156645184,0.023723724043268613,0,0,0,0,0
DCM,8,0.2866521537111427,0.07368758854570046,0.5293476654289068,0.06896851784713087,0,0,0,0,0
DGW,8,0.5605797820266923,0.6956113713068989,0.04283040363322071,0.023911264879275803,1,1,1,1,0
DHA,8,0.06678648853240682,0.15383198576820462,0.2087426691446827,0.2749549211033258,0,0,0,0,0
DHC,8,0.2326211459948664,0.2167094125522634,0.09068462824706475,0.1359122075350657,0,0,0,0,0
DHG,8,0.26958344837497505,0.3046546513556754,0.23323383543373089,0.16392649212114366,0,0,0,0,0
DHM,8,0.3835691318866807,0.33693406757508254,0.16409828140126376,0.014086280048920197,0,0,0,0,0
DHP,8,0.22956479629814625,0.4915980954360527,0.3213514756953175,0.046336685529736354,0,1,0,0,0
DHT,8,0.5454777695325161,0.6732202593483789,0.10248080081077156,0.05741700602067343,1,1,1,0,0
DIG,8,0.4008293774442785,0.6970827305558858,0.04194109205311339,0.12423271082952905,0,1,0,0,0
DIH,8,0.7220507320912306,0.7047568988586557,0.014942625864564416,0.000263494992259242,1,1,1,1,0
DL1,8,0.13527344958125692,0.6959775716563281,0.008910215015174139,0.1467173165408785,0,1,0,0,0
DLG,8,0.2794849705214534,0.3637293178510925,0.3274664236929773,0.02853792427628165,0,0,0,0,0
DMC,8,0.18515065861033364,0.46084599739100285,0.14012120472700523,0.1875102504125276,0,1,0,0,0
DNC,8,0.3621144521153573,0.2695265624994818,0.3542349247002784,0.05671513490138641,0,0,0,0,0
DNP,8,0.27131919005078287,0.1775356987415823,0.37900415919584757,0.010711611070829366,0,0,0,0,0
DP3,8,0.2153714328720494,0.2517096144122158,0.27781218931292173,0.22989104225137752,0,0,0,0,0
DPG,8,0.35176572481450274,0.2082995066749375,0.4783667847451839,0.10377872577106745,0,0,0,0,0
DPM,8,0.16092901135667426,0.14069771080976598,0.44970065168211354,0.08601337212277033,0,0,0,0,0
DPR,8,0.11105760633074406,0.05779555619738965,0.39544569787579825,0.21697747226239011,0,0,0,0,0
DQC,8,0.308624706675913,0.471407652111959,0.09250533871402983,0.06276019969939944,0,1,0,0,0
DRC,8,0.3575026545715642,0.33037445257677195,0.5123266076962598,0.05725087115108654,0,0,0,0,0
DRH,8,0.630237114930428,0.6729325000495856,0.0007215810241526745,0.6016850924773679,1,1,1,0,0
DRL,8,0.06588750788843278,0.08823334370125671,0.317607728652174,0.6262019127534473,0,0,0,0,0
DS3,8,0.11770826404613136,0.2612646219997401,0.22764513598598715,0.16518066933224324,0,0,0,0,0
DSN,8,0.10491830458682541,0.008169671574793898,0.018455025391235842,0.5278659268418154,0,0,0,0,0
DST,8,0.104288465031074,0.18122069583544118,0.4462286499000744,0.04532062155816284,0,0,0,0,0
DTA,8,0.3105286014044411,0.14159372985981464,0.029892022477712818,0.05896295716054343,0,0,0,0,0
DTD,8,0.43633189564433766,0.2692803858518416,0.09553739541810635,0.09479002469029989,0,0,0,0,0
DTL,8,0.5866428178823352,0.5453301596541007,0.19128758340790708,-0.009913295555647851,1,1,1,1,0
DTT,8,0.268266991526393,0.3724791342175979,0.47086426993817043,0.05298750993849501,0,0,0,0,0
DVP,8,0.08234051157981703,0.06180941140830883,0.21016949236276322,0.4755312176618678,0,0,0,0,0
DXG,8,0.3969767956889141,0.7223742806516291,0.005705029854696389,0.4178877402363882,0,1,0,0,0
DXP,8,0.05788681899710744,0.057836578464339795,0.06488289417617153,0.38912956694712797,0,0,0,0,0
DXV,8,0.25769455490986526,0.4825875994727895,0.11422103034431239,-0.015955977709018992,0,1,0,0,0
EBS,8,0.24707769565809268,0.5959920909668703,0.01932477272817508,0.08785816892221139,0,1,0,0,0
ECI,8,0.306539122481825,0.39133785375727237,0.0027834727838111795,0.07224452981486514,0,0,0,0,0
EID,8,0.45964379796459803,0.5244618597701782,0.008048052179773748,0.07032393374902689,0,1,0,0,0
ELC,8,0.15556683238424057,0.5500986683573247,0.08881537456302288,0.022405334061127692,0,1,0,0,0
EVE,8,0.16521201437287686,0.38033319311473385,0.18294226634299762,0.08040370480921394,0,0,0,0,0
EVG,8,0.14142680779113398,0.3646637941892214,0.003122851429934395,0.041883213923210774,0,0,0,0,0
EVS,8,0.34685687705021573,0.008367726520929316,0.0026727750944944835,,0,0,0,0,0
FCM,8,0.42643027113110243,0.561098220070835,0.2237654378533366,0.06661222934529551,0,1,0,0,0
FCN,8,0.4610194414546522,0.5389363089996015,0.1501565193017225,0.08713962337742628,0,1,0,0,0
FDC,8,0.34263279565044824,0.2595527091452814,0.4227091055917226,0.009737950494731638,0,0,0,0,0
FID,8,0.11960147431269244,0.1820372156010916,1.7138949722963038e-05,0.011228067443297875,0,0,0,0,0
FIR,8,0.4788470106520076,0.7637639439565127,0.07156444978164123,0.35465150985265226,1,1,1,0,0
FIT,8,0.12456303462252805,0.11207068717726065,0.1339177128848829,0.024167093319597363,0,0,0,0,0
FMC,8,0.5174391820935255,0.622295483429002,0.18052527385304887,0.06073773193383762,1,1,1,0,0
FPT,8,0.4702437263893432,0.1916143381912418,0.22084544707891074,0.16369714576446937,0,0,0,0,0
FRT,8,0.7717318520429785,0.5348183045174635,0.009561827330048393,0.021688138358656996,1,1,1,1,0
FTS,8,0.18698814481359852,0.004712277000337703,0.06954064182031632,,0,0,0,0,0
GAS,8,0.19626922984913991,0.15955345367482776,0.29059337442132316,0.19873699636953263,0,0,0,0,0
GDT,8,0.1969554546698693,0.3048683395411296,0.12499746746546311,0.2690021548249051,0,0,0,0,0
GDW,5,0.34286931484107436,-0.11330127609152657,0.5763472229780228,0.04395530580101025,0,0,0,0,0
GEG,8,0.11929663383757348,0.05315453012189869,0.6530009325053785,0.3253949040416868,0,0,0,0,0
GEX,8,0.37804074970902973,0.228016037133582,0.2478410698841842,0.08433896438862214,0,0,0,0,0
GIL,8,0.5927692048873479,0.40653597104962536,0.0747274223497726,0.08123570167309627,1,0,0,0,0
GKM,8,0.2874510973849584,0.27902705036514874,0.27242322884530507,0.05056361067758334,0,0,0,0,0
GLT,8,0.3313681818521028,0.29577172238157,0.06016461913928604,0.1608443124138175,0,0,0,0,0
GMD,8,0.15310159823297365,0.06817592553784926,0.3340504038989189,0.2873176696680919,0,0,0,0,0
GMX,8,0.3546052630506865,0.2970051750736883,0.39440005953496104,0.11551939645358353,0,0,0,0,0
GSP,8,0.24092352966615815,0.07584727378932651,0.3300069937841641,0.06104876429171537,0,0,0,0,0
GTA,8,0.7406720616412228,0.245079326515574,0.06390658107703381,0.03676559807535404,1,0,0,0,0
HAD,8,0.4980866213564351,0.23938091403598932,0.23318131757137128,0.07662485469727298,1,0,0,0,0
HAG,8,0.2617003203626328,0.11887025198297166,0.23624815607174954,-0.03907571526952444,0,0,0,0,0
HAH,8,0.15712645592819485,0.10574650526403735,0.4682759829396435,0.15360727335747626,0,0,0,0,0
HAR,8,0.015623125253892693,0.06520946534174699,0.19050266463904814,0.029799038266977256,0,0,0,0,0
HAS,8,0.3540842032905721,0.6751496748067964,0.014292312762522437,0.0284388244518231,0,1,0,0,0
HAT,8,0.6283079368407345,-0.0020567384755858613,0.13048343389127248,0.03317775593443675,1,0,0,0,0
HAX,8,0.7372800604001841,0.6120607639015826,0.20809662423599695,-0.001328645441167053,1,1,1,1,0
HBS,8,0.0029279853467815992,0.010058826377567033,0.010306538096303495,,0,0,0,0,0
HCC,8,0.4932807810984724,0.3558174984603655,0.33119217315588456,0.05368589443167972,1,0,0,0,1
HCD,8,0.19298816690832826,0.6035171474084284,0.17974067133364396,0.049873253397559256,0,1,0,0,0
HCM,8,0.4214933478853943,0.09999259949497745,0.0072535693358389865,,0,0,0,0,0
HCT,8,0.14744386195578757,0.32192140076669423,0.4247504349781538,0.02458417997523874,0,0,0,0,0
HDA,8,0.32491066118058887,0.42684478325678676,0.28631330278347156,0.0624795634214234,0,0,0,0,0
HDC,8,0.3085076593424675,0.7009748640592643,0.030879586944798317,0.15628329838150917,0,1,0,0,0
HDG,8,0.301749587677674,0.43343838822591263,0.19603301630757805,0.260238350476928,0,1,0,0,0
HEV,8,0.2954959398289527,0.4453672387660103,0.0,0.0680770217999748,0,1,0,0,0
HGM,8,0.11251908083189437,0.0930518065976908,0.1519803508555133,0.26318405465789363,0,0,0,0,0
HHC,8,0.2770031458560178,0.3841644955675287,0.23951568166897125,0.030070415293012676,0,0,0,0,0
HHS,8,0.057230104534713624,0.12052688934718112,0.006820570463210393,0.27960161824178087,0,0,0,0,0
HID,8,0.12489990437234343,0.29721791977073675,0.0005439199476912537,0.011908569729734466,0,0,0,0,0
HII,8,0.6279314198435595,0.22315690456117895,0.21233427718241984,0.013514796111192117,1,0,0,1,0
HJS,8,0.14475968143190682,0.07870436436213246,0.8459021346085962,0.2808432694495121,0,0,0,0,0
HKT,8,0.18539235183727473,0.28753384788364356,0.15797840106140137,0.02773850564542722,0,0,0,0,0
HLC,8,0.2346978289666637,0.044436161694062865,0.7563953755102912,0.029668436495779292,0,0,0,0,0
HLD,8,0.435931693413418,0.6593668013315677,0.06626472316038629,0.1779517187398315,0,1,0,0,0
HMC,8,0.6246330322659821,0.7223153273654018,0.031466304168171824,0.01921997458081006,1,1,1,1,0
HMH,8,0.06071591186675023,0.12857501573558522,0.47213204549735316,0.1068298985435277,0,0,0,0,0
HOM,8,0.4334945774163832,0.1540309839015382,0.464078463120569,0.00799561319901497,0,0,0,0,0
HPG,8,0.28567796352438446,0.17627602765452793,0.17655227035337168,0.14889456869610396,0,0,0,0,0
HPX,8,0.3352890416332188,0.37807847775951187,0.0499340376973057,0.17742111496079596,0,0,0,0,0
HQC,8,0.32354134325337114,0.6227271650438342,0.0013775234658080521,0.10861535123946636,0,1,0,0,0
HRC,8,0.12000687782953919,0.02358760499917762,0.24286145093569506,0.0031761037171158715,0,0,0,0,0
HSG,8,0.5448866623791214,0.30234278762978284,0.4156348101087537,0.013565458805825437,1,0,0,1,1
HSL,8,0.0677674782139111,0.5813546214371337,0.05809155226683829,0.1011821862273688,0,1,0,0,0
HT1,8,0.344843112467054,0.03620555199269827,0.6991224728862329,0.10178162214315375,0,0,0,0,0
HTC,8,0.19548525213969428,0.028142583472432987,0.05049157352447674,0.023442103565359106,0,0,0,0,0
HTI,8,0.03805296716282333,0.004791972475264772,0.80663316889873,0.1941205668609421,0,0,0,0,0
HTL,8,0.523176863430951,0.505270585399541,0.11926112820069584,-0.0004870584706179921,1,1,1,1,0
HTN,8,0.8133647687465699,0.7405371349605684,0.013400755672840155,0.055493055971852494,1,1,1,0,0
HTV,8,0.18201255147205347,0.20893326655881472,0.3311405316546231,0.14600172395865813,0,0,0,0,0
HU1,8,0.723502530518938,0.7476775234538419,0.003039668934952905,0.01892022181506957,1,1,1,1,0
HUB,8,0.32056951240691345,0.2588348660753945,0.11944335044721724,0.16452740319462725,0,0,0,0,0
HUT,8,0.15014538380444148,0.11213512164839073,0.3973582885916075,0.08523414628567758,0,0,0,0,0
HVH,7,0.21159762632908521,0.4296391057071264,0.148764489346457,0.12191205349306979,0,0,0,0,0
HVN,8,0.40618815155915816,-0.013316117251827214,0.6109991449195606,0.01610152817120045,0,0,0,0,0
HVT,8,0.43949427045530753,0.2516804108492768,0.439913771126915,0.10789964125257125,0,0,0,0,0
ICG,8,0.22502638901081376,0.5785234165749161,0.11605099537539462,0.11696128661382452,0,1,0,0,0
IDC,7,0.11597770157622515,0.08138698385636937,0.45147293465244487,0.10780126316828523,0,0,0,0,0
IDI,8,0.5145049122683417,0.43634930320984294,0.1549048201460276,0.08555322494424306,1,1,1,0,0
IDJ,8,0.1805486561259958,0.1472215963032813,0.04776634516749928,0.015368479542674769,0,0,0,0,0
IDV,8,0.07367771965259397,0.09142246118221041,0.06616906481473361,0.9373525581109734,0,0,0,0,0
IJC,8,0.6048355539928425,0.4158721779960081,0.06702576753690623,0.23116578540766627,1,0,0,0,0
ILB,8,0.2076163506745052,0.05114979777416277,0.5151728976253045,0.20046035157287234,0,0,0,0,0
IMP,8,0.12828912605840254,0.30874441776177575,0.17368012880609343,0.14359066010758187,0,0,0,0,0
INC,8,0.2726895665325391,0.646900497276146,0.23943188921942715,0.10099344292423415,0,1,0,0,0
INN,8,0.3260366996087561,0.35243334860934544,0.37821056705958356,0.07872233252558686,0,0,0,0,0
ITC,8,0.3382658551465593,0.8322707587618787,0.016837105209039437,0.12422453517511238,0,1,0,0,0
ITD,8,0.2739687849450897,0.42864511962517715,0.14285359719607676,0.08139766458241687,0,0,0,0,0
ITQ,8,0.4037604974297392,0.5912402674192967,0.17042956579401122,0.002857811120677219,0,1,0,0,0
IVS,8,0.012943464488365286,0.037298929456889854,0.01346163272196229,,0,0,0,0,0
JVC,8,0.19903929942366147,0.2420284009508079,0.48727610694668744,-0.01314676907085934,0,0,0,0,0
KBC,8,0.22884626825707705,0.8132277761122253,0.01004816765744184,0.45178550902865366,0,1,0,0,0
KDC,8,0.2110712121281622,0.12615516734632848,0.2350208801751914,0.027777364180919806,0,0,0,0,0
KDH,8,0.23141496404904652,0.7528123684675714,0.003381397192071418,0.378020258539394,0,1,0,0,0
KDM,8,0.14538056385172282,0.25095021170053194,0.06108876333457482,0.013542917724077948,0,0,0,0,0
KHP,8,0.32731384598759683,-0.01247464666789299,0.617836631144833,0.005425202504918613,0,0,0,0,0
KHS,8,0.4512577652470323,0.37395072022087533,0.4176026521370596,0.02438459616669697,0,0,0,0,0
KKC,8,0.5467616829495562,0.6705478360635532,0.06782951514061672,-0.015445952933986786,1,1,1,1,0
KMR,8,0.33799885294093135,0.49695219264237656,0.36333024605599074,0.027904139539328243,0,1,0,0,0
KMT,8,0.822989073731941,0.6884605360441756,0.0737604862060163,0.002440475478309098,1,1,1,1,0
KOS,8,0.20953614995900277,0.7400009865914039,0.008123984618951051,0.045611284832095825,0,1,0,0,0
KSA,2,0.1968652057193333,0.5290688908901333,0.09150809046417686,-0.022601673757998056,0,1,0,0,0
KSB,8,0.26688015352516226,0.5361598832453989,0.06264983652770416,0.3515892244696266,0,1,0,0,0
KSD,8,0.02609561930575707,0.30783823195403187,0.49713604220940044,0.01974741615060371,0,0,0,0,0
KST,8,0.5572069896880203,0.4377369208299423,0.02188278311060282,0.042438727614294944,1,1,1,0,0
KTS,8,0.42919772822091096,0.28513844447346137,0.12902517289370377,0.01259505048927238,0,0,0,0,0
L10,8,0.6279336351751873,0.571961576686252,0.10114208906653283,0.01644812669428583,1,1,1,1,0
L14,8,0.2727472035800279,0.40928188698629087,0.035014483820752444,0.4137267318442136,0,0,0,0,0
L18,8,0.737154223815945,0.36568670092535793,0.1056857155006116,0.007165092405135852,1,0,0,1,0
LAS,8,0.550289547541655,0.6822172262084467,0.09569749214235013,0.021582248934015807,1,1,1,1,0
LBE,8,0.18537900709511823,0.44191999212098754,0.10041557043653139,0.02785633651922162,0,1,0,0,0
LBM,8,0.19539189570059112,0.23118794518278063,0.5032611013746445,0.1285086302190163,0,0,0,0,0
LCD,8,0.6401237741448622,0.6670626924583828,0.28589176599920707,0.024172651592417743,1,1,1,1,1
LCG,8,0.5968688049354272,0.4640535602160252,0.0838601867591865,0.09167195647015827,1,1,1,0,0
LDG,8,0.3935478163547882,0.5651157645760427,0.028980978892746284,0.531047848483871,0,1,0,0,0
LDP,8,0.5895107050098898,0.2623048858787017,0.3190921690880052,-0.02629121794537099,1,0,0,1,1
LGC,8,0.2027802738118088,0.14925387322359768,0.32572786575515156,0.5783744204763275,0,0,0,0,0
LGL,8,0.5219366889657251,0.6182209383789785,0.010642775611898197,0.08574167091518221,1,1,1,0,0
LHC,8,0.32832615382299224,0.2960935834320335,0.40688642046480733,0.09743456007540743,0,0,0,0,0
LHG,8,0.2599251047909691,0.3635753676553998,0.025999605537149518,0.34555197129795434,0,0,0,0,0
LIG,8,0.6757321290061375,0.4555133128394466,0.08155571542426807,0.011683886177153185,1,1,1,1,0
LIX,8,0.27976042846348176,0.17869164536553434,0.3677331361158429,0.08497752048022969,0,0,0,0,0
LM8,8,0.8310516123346192,0.656761622910757,0.08928106594654792,0.009598313446100555,1,1,1,1,0
LSS,8,0.3493296498772024,0.3364604062977795,0.48307915087554787,0.012873798784330315,0,0,0,0,0
MAC,8,0.2610177642767758,0.4451968901387643,0.14964428299815186,0.08504784774689539,0,1,0,0,0
MAS,8,0.39258638073972796,0.0783018836736783,0.6825317490027341,0.06723052556411079,0,0,0,0,0
MBG,8,0.12566834098933471,0.43214250653275,0.05805275985294271,0.028320203740722562,0,1,0,0,0
MBS,8,0.4719669537733435,0.011082975267735003,0.007269345574621422,,0,0,0,0,0
MCC,8,0.1567593006521942,0.1550267728165695,0.05726330982558607,0.07814325371661965,0,0,0,0,0
MCF,8,0.4721168508083521,0.6433181947601241,0.2395272413407156,0.023731558061858813,1,1,1,1,0
MCO,8,0.5690094112237243,0.3065131102242025,0.004973685132002033,0.004485438278312369,1,0,0,1,0
MCP,8,0.23678649645375033,0.5446355208003449,0.29593458474585366,0.03138694510356416,0,1,0,0,0
MDC,8,0.45239498489461755,0.05554790830825368,0.3974794591848473,0.01564337924058323,0,0,0,0,0
MDG,8,0.44615577148228647,0.40192183936470294,0.10507382880336202,0.036559916389341064,0,0,0,0,0
MEL,8,0.741689988302029,0.681201161698606,0.1153819950747635,0.01754966584368596,1,1,1,1,0
MHC,8,0.20374505525559516,0.16627289853372812,0.007687474412093933,1.0510624737244565,0,0,0,0,0
MKV,8,0.4406302705258994,0.3045788198600032,0.5830234986665498,0.0027068240426852555,0,0,0,0,0
MSH,8,0.5104643680749128,0.41644738214734534,0.23443772922008685,0.11484287364083651,1,0,0,0,0
MSN,8,0.24011881087970566,0.08043120864916647,0.44423703069592446,0.1358507634445924,0,0,0,0,0
MST,8,0.20414125415170634,0.14795381556644338,0.0004199708340413004,0.12516769623285642,0,0,0,0,0
MWG,8,0.6357339127448672,0.37401050141465003,0.12997314035674173,0.04480582862712598,1,0,0,0,0
NAF,8,0.3308866795785017,0.453824907320477,0.3064439829705895,0.06034281198345031,0,1,0,0,0
NAG,8,0.6704473937047308,0.7218644819309068,0.04726071509936446,0.009130892433399913,1,1,1,1,0
NAP,8,0.10325184829496381,0.09320468432387574,0.695746577633103,0.07474155030132526,0,0,0,0,0
NAV,8,0.42015450151623335,0.19839449118648428,0.07334643341220574,0.08067086165927673,0,0,0,0,0
NBB,8,0.49487845680147374,0.8566513942054174,0.016671031014860227,0.1577574359097412,1,1,1,0,0
NBC,8,0.34160123686066723,0.14959946926512324,0.4093762351365872,0.02722835230794897,0,0,0,0,0
NBP,8,0.36218394411955035,0.30659166336669486,0.15213488491273636,0.015146194613968968,0,0,0,0,0
NBW,8,0.3628192263019948,-0.08490041615311963,0.5723785611956629,0.02360508814330247,0,0,0,0,0
NCT,8,0.12937651429787195,0.1285597288927904,0.17874751017316318,0.43096998213675686,0,0,0,0,0
NDN,8,0.6640202336139973,0.3237790018705389,0.02201001917652024,1.4697471016225585,1,0,0,0,0
NDX,8,0.5215247098753357,0.37431994604397856,0.2214554459018405,0.0704121156858976,1,0,0,0,0
NET,8,0.48690492234116267,-0.02006839536143118,0.46407516379498037,0.06310415166958332,1,0,0,0,1
NFC,8,0.21389985231241881,0.8021654281556143,0.061517149484051764,0.029951737815255425,0,1,0,0,0
NHC,8,0.10132326398401947,0.11320989783539315,0.17027565371182363,0.14035177746141408,0,0,0,0,0
NHH,4,0.3923626465956953,0.23430532716429814,0.24182270955771992,0.05401025832734303,0,0,0,0,0
NKG,8,0.5059883778336178,0.3390468821312559,0.4360616451191879,-0.00016228528485604584,1,0,0,1,1
NLG,8,0.2711995505240469,0.5286488651022181,0.006246310904701822,0.3085140726457214,0,1,0,0,0
NNC,8,0.20804248590355695,0.4446606457263787,0.036387410481341365,0.3102631060919312,0,1,0,0,0
NRC,8,0.3252161285743791,0.5422684306011132,0.077290942669507,0.41242443715165433,0,1,0,0,0
NSH,8,0.7151930553284405,0.6279675784430013,0.22136948420295763,0.0005265051959726965,1,1,1,1,0
NST,8,0.6167062112590675,0.5705049092228651,0.19428262797529583,0.012831875778094148,1,1,1,1,0
NT2,8,0.37316698656559855,0.12656632235046944,0.6279111652648175,0.11215554885088537,0,0,0,0,0
NTH,4,0.11696380615462466,0.03847045787551329,0.9089445610887454,0.4761739478974805,0,0,0,0,0
NTL,8,0.30813482061860065,0.7855554449542412,0.01943409481775864,0.28600191736790703,0,1,0,0,0
NTP,8,0.4277001124914743,0.44088185125732965,0.3314025633323533,0.09289993342469152,0,1,0,0,0
NVL,8,0.39208825898280864,0.6409675675429801,0.008348602320527606,0.15054669277586474,0,1,0,0,0
NVT,8,0.1461560230195886,0.0815815248580331,0.6459798795072136,0.19446550171262175,0,0,0,0,0
OCH,8,0.4457668952894162,0.3242980950963473,0.37109488800942625,-0.005674781079371469,0,0,0,0,0
OGC,8,0.4968196151149564,0.3079229056516605,0.2772943612945301,0.10330389362573186,1,0,0,0,1
ONE,8,0.6759351186285895,0.768767559309614,0.0008460822137406063,0.017359328481510283,1,1,1,1,0
OPC,8,0.4443741582301698,0.4595772922063486,0.2097548947867208,0.12219758576027812,0,1,0,0,0
PAC,8,0.6891715571458072,0.28249803487619474,0.23401982046444506,0.0574370599639155,1,0,0,0,0
PBP,8,0.4493901252959253,0.22737834390151226,0.513732205029831,0.041012770190891404,0,0,0,0,0
PC1,8,0.3154613024347526,0.30422411482685113,0.36818893489438853,0.07758172449597943,0,0,0,0,0
PCE,8,0.37456758047748645,0.30246430506550126,0.15204788122807247,0.004944247359472529,0,0,0,0,0
PCT,8,0.09569053706170269,0.45840411201294445,0.09530431289284216,0.04107784405932341,0,1,0,0,0
PDB,8,0.4300274902815515,0.42513539802391254,0.3012071091937454,0.05966410311653343,0,0,0,0,0
PDN,8,0.2483262276613386,0.03398564012661909,0.4234651347920495,0.19886204902055735,0,0,0,0,0
PDR,8,0.12433754728462972,0.7049044732547329,0.001285829866635526,0.427863236630719,0,1,0,0,0
PEN,8,0.71714479884052,0.5557492478869505,0.108841122993661,0.004753993381102733,1,1,1,1,0
PET,8,0.623202455194465,0.2730570786628418,0.03556932541761953,0.014768678489245934,1,0,0,1,0
PGC,8,0.5279252857684773,0.15062511646469579,0.19610002820507588,0.058049314807669956,1,0,0,0,0
PGD,8,0.5403772270291559,-0.1822984986279394,0.1871121089752078,0.03197328212754921,1,0,0,0,0
PGI,8,0.7264255410877667,0.03611807321036603,0.07938966243769871,,1,0,0,0,0
PGN,6,0.49780391994655204,0.7297443249436528,0.13195935651805224,0.031240592875569313,1,1,1,0,0
PGS,8,0.5284767851047585,-0.14564595253822044,0.2559328346045203,0.016063919610264245,1,0,0,1,1
PGT,8,0.3286951093655428,0.36690819071854885,0.007267425091032441,-2.60200347797898,0,0,0,0,0
PHC,8,0.7545056125214455,0.6882265481581918,0.027244111168837126,0.025107012542797826,1,1,1,1,0
PHN,7,0.2776634558918824,0.5338299982355728,0.16008547972855583,0.07266567075238681,0,1,0,0,0
PHR,8,0.1372913336171415,0.09560409917005186,0.24858488351540348,0.1912787152639873,0,0,0,0,0
PIA,7,0.3536618239819983,0.45024801485395927,0.03501539846722059,0.14596902077614476,0,1,0,0,0
PIC,8,0.07042048194792239,0.004115645234667134,0.9185472062335414,0.18707286109542717,0,0,0,0,0
PIT,8,0.7208554650426297,0.4937644654704275,0.25392003112075723,-0.011258333790462318,1,1,1,1,1
PJC,8,0.4755926067775994,0.1083843530507138,0.6871991887583722,0.022919371061279347,1,0,0,1,1
PJT,8,0.18276954625302622,0.11478176311176773,0.7606463865181337,0.06417219611940433,0,0,0,0,0
PLC,8,0.6822716640642248,0.39174493815289396,0.15275066531535714,0.027098605806791985,1,0,0,1,0
PLP,8,0.47611668333956664,0.5297040254567029,0.2173031032425925,0.07797599138770583,1,1,1,0,0
PLX,8,0.5691984480889878,0.09957075082090888,0.250306523897744,0.027244490910833103,1,0,0,1,0
PMB,8,0.2692090000854856,0.28633583110025923,0.0813728888099684,0.005812623575919255,0,0,0,0,0
PMC,8,0.13279666230781234,0.3821085020057793,0.14032882372124844,0.2021390970762761,0,0,0,0,0
PMG,8,0.4704565544942426,0.1298905040989506,0.19484879340927497,0.04306611944967334,0,0,0,0,0
PMP,8,0.6547044053139497,0.5300687868607494,0.29684739769517254,0.024342775708937635,1,1,1,1,1
PMS,8,0.5387888587554717,0.31214403988880945,0.262634930602493,0.015912732807945314,1,0,0,1,1
PNC,8,0.6344733779915789,0.08047693204163031,0.1325279172985711,0.027367441521238683,1,0,0,1,0
PNJ,8,0.37466478523181124,0.7425021515164905,0.12105662500109914,0.07620606248778428,0,1,0,0,0
POT,8,0.42203183285609736,0.29532400240366835,0.0418935007028465,0.024999657462962344,0,0,0,0,0
POW,8,0.31322757922455846,0.1033618809028638,0.6604110534908247,0.0824622058956419,0,0,0,0,0
PPC,8,0.1850478207964565,0.3311984106740653,0.03823492605609765,0.1783488069369652,0,0,0,0,0
PPE,8,0.38145732395524423,0.6976441437519976,0.0,-0.6509781189106201,0,1,0,0,0
PPP,8,0.25279091364128126,0.16515807044676195,0.6265614456647735,0.0773776381144396,0,0,0,0,0
PPS,8,0.940825285283696,0.0628429500223745,0.012402394300463724,0.048914130616123895,1,0,0,0,0
PPY,8,0.49188628921117195,0.21639284716417434,0.3393766585109248,0.006736755183614353,1,0,0,1,1
PRC,8,0.4162033706898216,0.18812910931264817,0.4565156715189233,0.011756513822973831,0,0,0,0,0
PSC,8,0.28612324922687526,0.04017378724895461,0.6281913273696229,0.03542953459086216,0,0,0,0,0
PSD,8,0.8446729370117174,0.42965243265531705,0.00171311313990856,0.011526399547408871,1,0,0,1,0
PSE,8,0.40100979443647683,0.4415775243581394,0.09901446595212876,0.00642285519785395,0,1,0,0,0
PSI,8,0.06522151173578447,0.08680345505251229,0.0010291337787704372,,0,0,0,0,0
PSW,8,0.2800037037814912,0.5164839567376001,0.08078783453574422,0.0023732583995246465,0,1,0,0,0
PTB,8,0.48973465034332064,0.39993228593660884,0.3312498888981575,0.09880889970398493,1,0,0,0,1
PTC,8,0.1979805834067231,0.20053617892174247,0.003837438181989853,5.609056217189475,0,0,0,0,0
PTD,8,0.7275978053336842,0.1940398232572983,0.025385790225809453,0.0013583873350260381,1,0,0,1,0
PTI,8,0.7116766604164602,0.05527372814604089,0.014679524727187337,,1,0,0,0,0
PTL,8,0.3086829185752753,0.51590026764939,0.09404533955295657,-0.23209333831974027,0,1,0,0,0
PTS,8,0.31031128255253,0.021926125733320395,0.7983735339196025,0.018751678314227915,0,0,0,0,0
PV2,8,0.06776845154314509,0.13050566748647086,0.002754745955230517,0.7995811778738694,0,0,0,0,0
PVB,8,0.09550457159200379,0.5076404541495418,0.15907329269743214,-0.30285736004839897,0,1,0,0,0
PVC,8,0.514046163506322,0.4700718313769897,0.12132092603674183,0.014419222434993283,1,1,1,1,0
PVD,8,0.1322230574626386,0.08180149751346155,0.6877840077337936,0.03987325707417797,0,0,0,0,0
PVG,8,0.6463615272352776,0.0423671646202988,0.2881769056039293,0.0036331822254751676,1,0,0,1,1
PVI,8,0.6691173634718055,0.3161419645457435,0.01230449015295872,,1,0,0,0,0
PVS,8,0.3242650442051431,0.09464379457751314,0.12691884755034333,0.07224025279233073,0,0,0,0,0
PVT,8,0.22690864298986108,0.047582894400889406,0.5525553393474366,0.11536924839587304,0,0,0,0,0
QCG,8,0.5865689035704346,0.7733811123852969,0.09625260514891316,0.02900924589417544,1,1,1,0,0
QHD,8,0.40749712128135296,0.29499935990591775,0.36098441847857043,0.013929992578283673,0,0,0,0,0
QST,8,0.5957314445448018,0.08662513113880116,0.6120448223346587,0.023213165037253514,1,0,0,1,1
QTC,8,0.4479395641498817,0.5570436630696257,0.14287975014463555,0.0498611918219386,0,1,0,0,0
RAL,8,0.6998194362275983,0.5927896500706402,0.10802411887457022,0.07038184493197756,1,1,1,0,0
RCL,8,0.592342075295367,0.7229063337245372,0.02522776692671018,0.10464091117407803,1,1,1,0,0
REE,8,0.17972457248965293,0.16804227626551213,0.029529218904229736,0.39390137963848926,0,0,0,0,0
S4A,8,0.08059124032670868,0.04460451556802454,0.9166041574669939,0.4023661819350264,0,0,0,0,0
S55,8,0.2429290341430188,0.19486821795887113,0.40587705174310695,0.13089569957956462,0,0,0,0,0
S99,8,0.4000324155688474,0.256047592595396,0.19297870790599905,0.067122099397628,0,0,0,0,0
SAB,8,0.22674983638998153,0.05063385974542174,0.19810245439003216,0.16911890515840533,0,0,0,0,0
SAF,8,0.38485532502659003,0.4189984705708266,0.2117657661728362,0.04810189752206642,0,0,0,0,0
SAM,8,0.30354488654450795,0.40926143117523883,0.15976050537905312,0.03297377894564045,0,0,0,0,0
SAV,8,0.4750157235137197,0.2513620201846932,0.12984544007877208,0.03519796600858377,1,0,0,0,0
SBA,8,0.08782275057774946,0.0536797260286408,0.9050511429611288,0.39117050110121043,0,0,0,0,0
SBT,8,0.4915993759701157,0.4460771489520682,0.2551034116114592,0.02609540684434801,1,1,1,1,1
SBV,8,0.2611852941901094,0.39903906617519747,0.20600463728485185,0.05134251840431397,0,0,0,0,0
SC5,8,0.7657142738195657,0.5515812865487875,0.041190772765003186,0.02354336416214054,1,1,1,1,0
SCI,8,0.7777019119212877,0.5125745210843679,0.15849418278178962,0.019768669876795843,1,1,1,1,0
SCR,8,0.4719276175863493,0.7242329440471662,0.020509064534336284,0.18082507316221033,0,1,0,0,0
SCS,8,0.06581654667539999,0.09296773315062697,0.5423170822180972,0.7135690168437334,0,0,0,0,0
SD5,8,0.6218364008087904,0.6511476767137536,0.09632143117732919,0.016961261638760723,1,1,1,1,0
SD9,8,0.47901749308879915,0.36396723756953764,0.27168643798919523,0.08256245624208383,1,0,0,0,1
SDC,8,0.4508104421490222,0.6468324658218731,0.0581046840514116,0.047274428951394824,0,1,0,0,0
SDG,8,0.44446833364148874,0.26260985320308494,0.48557128215428325,0.059819424739681826,0,0,0,0,0
SDN,8,0.4368532752104016,0.5409722233359686,0.11247457428929238,0.050087775695146185,0,1,0,0,0
SDU,8,0.622895174657127,0.7351506034215329,0.01276769549626064,0.0565185158902379,1,1,1,0,0
SEB,8,0.09931641750278797,0.04883060027625615,0.7277503817567221,0.5650309666611646,0,0,0,0,0
SED,8,0.44359393149451165,0.46701332861938416,0.004707186400726062,0.06566527336700846,0,1,0,0,0
SFC,8,0.36866892567594034,0.024161061985196578,0.32833607028292017,0.033172283640482525,0,0,0,0,0
SFG,8,0.5473549084159137,0.6592879608820748,0.13327887505231034,0.005070523877914811,1,1,1,1,0
SFI,8,0.27205617324479103,0.24900526122239752,0.15131326556756275,0.06507548833130095,0,0,0,0,0
SFN,8,0.10920229875583085,0.6296324020019475,0.1983153885538373,0.038853725116240356,0,1,0,0,0
SGC,8,0.31004390579692975,0.42482651827248985,0.3798165726959145,0.1124854710467478,0,0,0,0,0
SGD,8,0.4494593796937695,0.3053843501857315,0.10997149080290228,0.040953898541672556,0,0,0,0,0
SGH,8,0.055562265524593174,0.033198272713497554,0.2395103686159775,0.49488450639614484,0,0,0,0,0
SGN,8,0.26227936184616396,0.20029148089737167,0.3362998607934571,0.2987060931929102,0,0,0,0,0
SGR,8,0.5397074894004004,0.5992677504624819,0.006705011312691366,1.0214034596921815,1,1,1,0,0
SGT,8,0.3289500519909655,0.3545076210824436,0.038233744475333474,0.07884361615496026,0,0,0,0,0
SHA,8,0.5169979105894524,0.6377887266866894,0.19166487326349183,0.039778786024755416,1,1,1,0,0
SHE,7,0.253775163816818,0.6738608394917014,0.04299015219175998,0.0979291513669348,0,1,0,0,0
SHI,8,0.6142765927816993,0.5909623314988903,0.1603766457438512,0.024300501706640953,1,1,1,1,0
SHN,8,0.5431186540436451,0.3269494186147923,0.005352477806042418,0.031621900095063396,1,0,0,0,0
SHP,8,0.14098066263815773,0.05160915139369802,0.8912001864206573,0.3329994829461801,0,0,0,0,0
SHS,8,0.43309711484277835,0.2554290317969317,0.0005659524644778934,,0,0,0,0,0
SJ1,8,0.564056162644594,0.4646353740522876,0.28619272825896735,0.021011698976858888,1,1,1,1,1
SJD,8,0.18469317452767764,0.3399490800924028,0.5012754119992019,0.4476603078776483,0,0,0,0,0
SJE,8,0.36639830289337627,0.2797807367599725,0.4363815291974598,0.0874586160287096,0,0,0,0,0
SJS,8,0.4804059023352054,0.5794849705186642,0.021240780835059998,0.17115292924681125,1,1,1,0,0
SKG,8,0.021109369307124544,0.12218669321968705,0.5965831809118358,0.26037115387495363,0,0,0,0,0
SLS,8,0.4086043508796903,0.34765295086501025,0.4573440189451684,0.07920388528051431,0,0,0,0,0
SMA,8,0.11719704603264364,0.031243835366803224,0.9010031731725674,0.10667580847092675,0,0,0,0,0
SMB,8,0.3682549069973835,0.2818155464175183,0.541315789915088,0.12138631391993213,0,0,0,0,0
SMC,8,0.7257604991400933,0.34024658966201937,0.15140103485623801,0.01176980306020143,1,0,0,1,0
SMN,8,0.5663749599138677,0.24687375462541544,0.008814865266533608,0.022227084785329795,1,0,0,1,0
SMT,8,0.6451765895455268,0.6007564007560912,0.13521453119144977,0.0272936747089626,1,1,1,1,0
SPM,8,0.21471343907555002,0.8158580909503745,0.0670946902798839,0.024239566126400956,0,1,0,0,0
SRA,8,0.05237965301531844,0.42356694154357666,0.07221502828547746,0.2266601478379599,0,0,0,0,0
SRC,8,0.2501464977418378,0.37468011860989836,0.10499673045418731,0.031155742108304494,0,0,0,0,0
SRF,8,0.6948164235193598,0.5123167973690049,0.05441446985445497,0.04551047147578337,1,1,1,0,0
SSI,8,0.5693848670851442,0.00279010793866798,0.005094319512730317,,1,0,0,0,0
SSM,8,0.6169143129592981,0.6408789225147213,0.13649661534551416,0.013575481553420341,1,1,1,1,0
ST8,8,0.25739472325465707,0.446058064651048,0.06519029984023061,0.024091001207770142,0,1,0,0,0
STC,8,0.375876026250845,0.3979968872463856,0.2239177791510586,0.047349100321288945,0,0,0,0,0
STG,8,0.19394360322668927,0.1240976268844346,0.28936150577999264,0.09699231808092898,0,0,0,0,0
STK,8,0.4162199785859628,0.14544627826700257,0.521151832259241,0.09268314361465373,0,0,0,0,0
STP,8,0.1520867490884018,0.6835503915241754,0.05403402430952681,0.042899809459095425,0,1,0,0,0
SVC,8,0.5222796843689266,0.3855617521015494,0.10733328312806148,0.013678746875961538,1,0,0,1,0
SVN,8,0.04508546289397036,0.6480384149485947,0.00019025472191973823,0.06708843869261222,0,1,0,0,0
SVT,8,0.008516429964979089,0.12789685173034596,0.004187703487196837,0.04627281720577679,0,0,0,0,0
SZB,8,0.1444915359110076,0.10487795638542138,0.2860564511184151,0.35116698271593194,0,0,0,0,0
SZC,8,0.09767620471922439,0.03481058685621609,0.11883982138987217,0.43537676726118085,0,0,0,0,0
SZL,8,0.07333000064202069,0.08002475233051021,0.09115367440498078,0.33145986891046075,0,0,0,0,0
TA9,8,0.8916967981257725,0.5880326263224807,0.07005724316778328,0.018753019692577776,1,1,1,1,0
TBC,8,0.058074223417307336,0.10955235853851998,0.35394625954787334,0.615057107680301,0,0,0,0,0
TCH,8,0.10276449810129326,0.1894644022161311,0.014322246123123328,0.3703429882220751,0,0,0,0,0
TCL,8,0.23001266928780909,0.11551185444096503,0.30697931439057036,0.1300502979461166,0,0,0,0,0
TCM,8,0.5127853312848463,0.3316588168784613,0.3666696728049746,0.07487860638717188,1,0,0,0,1
TCO,8,0.0693424405509333,0.15657985390137907,0.41365246358322394,0.12921715492989821,0,0,0,0,0
TCR,8,0.5759647474093196,0.4124463052849815,0.2610017581012701,-0.06509790254033639,1,0,0,1,1
TCT,8,0.0686148246842796,0.26682516363472075,0.3368922558581834,0.33770634296499996,0,0,0,0,0
TDC,8,0.5741088608154675,0.41625526577732663,0.026738497530943935,0.02745995398164789,1,0,0,1,0
TDG,8,0.4102424348494915,0.3824914444107876,0.018507647769446002,0.011776022802990095,0,0,0,0,0
TDH,8,0.36389704899775766,0.3776273438135439,0.09694683479352695,0.03273146867153939,0,0,0,0,0
TDM,8,0.11834584976270504,0.03605749203995954,0.3779927195932564,0.5025271111687866,0,0,0,0,0
TDT,8,0.51481010295952,0.5044009105788577,0.27058225643580736,0.0774163411224602,1,1,1,0,1
TDW,8,0.37751101489884453,-0.11243279846065944,0.6572213932020503,0.02755516902473299,0,0,0,0,0
TEG,8,0.1403110323006724,0.3328502600422999,0.02507604693555384,0.12584800660532128,0,0,0,0,0
TET,8,0.06756696797691143,0.004590049668814782,0.4451330809227388,0.5513218565674556,0,0,0,0,0
TFC,8,0.46316802659171175,0.4407188127980048,0.22882358892028992,0.020002018567150417,0,1,0,0,0
THB,8,0.5319476532763228,0.324576818270378,0.27384064155701604,0.01780900396881716,1,0,0,1,1
THG,8,0.5357996506566984,0.2751546352700852,0.2958747004749396,0.10664350212809173,1,0,0,0,1
THS,8,0.5066450292769117,0.28664235403603266,0.1362962964865151,0.007249585076913903,1,0,0,1,0
THT,8,0.6260795445665607,0.25910955420992693,0.18486378051187316,0.013628560140810635,1,0,0,1,0
TIG,8,0.1297986582550147,0.26316185693887284,0.08837218043656822,0.3330256238440364,0,0,0,0,0
TIP,8,0.16401137472101737,0.32111149684903506,0.038812838151881496,0.5671003822509741,0,0,0,0,0
TIX,8,0.08990186371022171,0.1418835803498365,0.026544273369041096,0.53442771717507,0,0,0,0,0
TJC,8,0.15951714719762072,0.055218596335015545,0.7683436818001479,-0.016816571219021154,0,0,0,0,0
TKU,8,0.4557227479192745,0.37591550739642343,0.28258239281218767,0.06496126936373864,0,0,0,0,0
TLD,8,0.31729929670749957,0.3752577382448045,0.2941732541929162,0.05028743545297099,0,0,0,0,0
TLG,8,0.24608532420961143,0.42441422478844687,0.2268188664436877,0.11940741916368686,0,0,0,0,0
TLH,8,0.49213308427358204,0.6754353052511999,0.10816815533078869,0.01786327339622006,1,1,1,1,0
TMB,8,0.831669774643522,0.6364400747060502,0.07998868687233557,0.0030232626364891098,1,1,1,1,0
TMC,8,0.3968385847417176,0.17821896101518842,0.4785285069623765,0.009002395558625,0,0,0,0,0
TMP,8,0.07847353505582833,0.15128868377748605,0.2704786088483231,0.6867726524004255,0,0,0,0,0
TMS,8,0.23573425686026434,0.09260430646370181,0.3078761720684595,0.11710992878042284,0,0,0,0,0
TMT,8,0.7463080190026263,0.6213622641268426,0.14597492513374433,0.0012338553471438946,1,1,1,1,0
TMX,8,0.4072248647235763,-0.002425649920573064,0.01408860198013162,0.01446896077138841,0,0,0,0,0
TN1,6,0.29627501220102104,0.3872011207688636,0.04609312237796542,0.20976404274632543,0,0,0,0,0
TNC,8,0.053313841035537726,0.07763334593591018,0.1510079489289406,0.23902726325431023,0,0,0,0,0
TNG,8,0.5826087722936867,0.4405758319982297,0.34786765263669767,0.06175313156750751,1,1,1,0,1
TNI,8,0.37137579967750367,0.6725271264440937,0.004251664024337923,0.015800945844113307,0,1,0,0,0
TNT,8,0.23331362734901898,0.24646724069682213,0.006568577564228598,0.015278906244711999,0,0,0,0,0
TPC,8,0.4925527112315027,0.4709117024411865,0.10666546858189586,0.025971239114091105,1,1,1,1,0
TPP,8,0.5565989403029517,0.3873168967184082,0.36977919966781897,0.00046414842439156,1,0,0,1,1
TRA,8,0.1912108532518627,0.31393304749444884,0.4333182542673957,0.12784741404269329,0,0,0,0,0
TRC,8,0.04731744317934565,0.129285601635655,0.13641028745379555,0.10606148956662204,0,0,0,0,0
TSB,8,0.4461733406417151,0.5258107315920806,0.34092999565976273,0.02151872176741539,0,1,0,0,0
TSC,8,0.07733588805401717,0.037218482039865136,0.11979478300994226,-0.016244830913422676,0,0,0,0,0
TTC,8,0.4809521173593834,0.5373034493242457,0.1528635108503766,0.04679405626279644,1,1,1,0,0
TTE,7,0.08427786779850004,0.020342746610872736,0.9278968304660835,0.15838411978076433,0,0,0,0,0
TTF,8,0.7515431275437913,0.5869091145931558,0.11683068105076451,-0.8443018294887029,1,1,1,1,0
TTH,8,0.19100669365778278,0.5127157763023592,0.08077966765299682,0.15737551874705463,0,1,0,0,0
TTL,8,0.533324397023991,0.4155553848970863,0.030067747914003486,-0.00023722889625408953,1,0,0,1,0
TTT,8,0.06427617930044442,0.34427977071985405,0.28909572070428813,0.1404940671917073,0,0,0,0,0
TV2,8,0.5012536222042869,0.26433611366150545,0.11482974930683812,0.1142079595388483,1,0,0,0,0
TV3,8,0.6019967877213233,0.4242790764175983,0.11746664749751798,0.06687110802498494,1,0,0,0,0
TV4,8,0.33144084360371673,0.27934285159963257,0.09445598729149157,0.09542113081120593,0,0,0,0,0
TVC,8,0.5360236397627296,0.5798283259645232,0.0033280641623672376,0.4838850647428701,1,1,1,0,0
TVD,8,0.30781961071245856,0.04722312203217495,0.5982895103064865,0.02496388894389321,0,0,0,0,0
TVS,8,0.6286605131906007,0.033974178855334936,0.0020837881739235215,,1,0,0,0,0
TVT,8,0.53111734702464,0.3817683176213212,0.36383827149065795,0.04824435082096197,1,0,0,0,1
TXM,8,0.25962674217641923,0.7389419662651936,0.008914636485745081,-0.005111941811042034,0,1,0,0,0
TYA,8,0.4997163344628155,0.549695577637793,0.1120030374101697,0.05585381079497059,1,1,1,0,0
UIC,8,0.3780719824345201,0.36471654908834517,0.28897798910885997,0.026229352055760415,0,0,0,0,0
UNI,8,0.06147704546105446,0.2068407245190434,0.0,-0.09687066493688282,0,0,0,0,0
V12,8,0.864651914785724,0.6399323517769614,0.03201519881845235,0.01351964452108375,1,1,1,1,0
V21,8,0.6885009601879779,0.7624405620352975,0.06172548836066917,-0.0017630710418584839,1,1,1,1,0
VBC,8,0.6929866171453696,0.5680024720086481,0.18279042464002754,0.037669867956744416,1,1,1,0,0
VC1,8,0.7287870849824105,0.5470291248415515,0.012460794715574396,0.015232489179146196,1,1,1,1,0
VC2,8,0.859335506686133,0.6541441087841298,0.027310449860084962,0.032888839613921535,1,1,1,0,0
VC3,8,0.3473356797756895,0.42064985141911204,0.07652917385765004,0.13423228153701489,0,0,0,0,0
VC6,8,0.8459960293801785,0.4696139302293387,0.0736193343951451,0.006630047764710219,1,1,1,1,0
VC7,8,0.465467877431482,0.6980758573254982,0.03542619193210873,0.11598275125047183,0,1,0,0,0
VC9,8,0.8174555555747405,0.6637826029859204,0.03120624183284123,0.01065684215172433,1,1,1,1,0
VCC,8,0.7915504968481404,0.5267602508878837,0.09297922327345964,0.012730795740564637,1,1,1,1,0
VCF,8,0.36782391192325903,0.4613396717251938,0.279036487423667,0.24429562728423637,0,1,0,0,0
VCI,8,0.4268192961809374,0.006844847785252966,0.0025857966155148253,,0,0,0,0,0
VCM,8,0.49184015497544975,0.09084267481104019,0.15335605160572968,0.1101267891433621,1,0,0,0,0
VCS,8,0.3394466298391723,0.6490632530766429,0.13311071236015337,0.29323246687040916,0,1,0,0,0
VDL,8,0.16033663421935895,0.6108479599059673,0.1722734824336678,0.05260086021777907,0,1,0,0,0
VDP,8,0.3503141470996778,0.4180092215316069,0.1856127307257447,0.10788902629950646,0,0,0,0,0
VDS,8,0.49013435919547765,0.0077744859126956225,0.0073111958351278015,,1,0,0,0,0
VE1,8,0.09608535630769671,0.11851167539453986,0.0831078134388828,-0.0016364149653415785,0,0,0,0,0
VE3,8,0.5569736126760945,0.6583444596991903,0.10233413504301962,0.01210295994340468,1,1,1,1,0
VE4,8,0.4518656228782957,0.40053817237011613,0.09964759738517419,0.02375458462747422,0,0,0,0,0
VGC,8,0.27140274190110913,0.19187893546746793,0.21872500619553287,0.09795598254765242,0,0,0,0,0
VGP,8,0.9572110218057895,0.4997004872818318,0.0036464826416301712,0.00011316956119761113,1,1,1,1,0
VGS,8,0.6001602323042678,0.5431449020160332,0.0709661370667379,0.008639779156166339,1,1,1,1,0
VHC,8,0.3280426894359668,0.4203134688296216,0.22321510528165886,0.174751248497034,0,0,0,0,0
VHE,6,0.3518857033644568,0.5618677280402098,0.392075939576635,0.04460525744005676,0,1,0,0,0
VHL,8,0.3453127083700813,0.29395897495094175,0.4627554475048281,0.07987747411181038,0,0,0,0,0
VHM,8,0.4618411508233329,0.5418553209013205,0.0021789987572741988,0.5875285884591541,0,1,0,0,0
VIC,8,0.4164826939939832,0.3244563319006083,0.1648143025783168,0.1084860732450405,0,0,0,0,0
VID,8,0.40182589941838687,0.32606854107141964,0.07906560058383011,0.03318003783616011,0,0,0,0,0
VIG,8,0.06415759014388442,0.29962704809794616,0.01169575300298507,,0,0,0,0,0
VIP,8,0.10102649358827234,0.09665977509920487,0.5107298682668733,0.12332786467876675,0,0,0,0,0
VIT,8,0.5855919470041978,0.2662744421854211,0.5238377395277586,0.0541374825030001,1,0,0,0,1
VJC,8,0.4028686313628813,0.3428748165285147,0.044904380558548465,0.1119622468673898,0,0,0,0,0
VLA,8,0.024502041655093364,0.19276114452322318,0.0,-0.017459560484191547,0,0,0,0,0
VMC,8,0.7028587893049514,0.44710383397602466,0.12262785396670459,0.04311669419732715,1,1,1,0,0
VMD,8,0.9605649887640062,0.02672320538194306,0.010829426971177784,0.0029964554041480595,1,0,0,1,0
VMS,8,0.20609102770236826,0.1566943852700849,0.14132993252370424,0.027358661008380275,0,0,0,0,0
VNC,8,0.32501074687890846,0.2863298993597122,0.3363419187382349,0.07591266444992004,0,0,0,0,0
VNF,8,0.5330506915825088,0.22292027979776013,0.004761019736034197,0.01627920322765861,1,0,0,1,0
VNG,8,0.2126271027399358,0.20570391850914171,0.5132288669858496,0.07639390894071935,0,0,0,0,0
VNL,8,0.23630556417064047,0.3065027322572671,0.1008930143942734,0.02905482436577745,0,0,0,0,0
VNM,8,0.25704338055914083,0.17316356675799158,0.33375394194024427,0.2296010595065514,0,0,0,0,0
VNR,8,0.5725766040083493,0.027410086079414128,0.0007298711633460097,,1,0,0,0,0
VNS,8,0.18865534829813302,0.03967020240923176,0.8413517887166192,0.02027712606537993,0,0,0,0,0
VNT,8,0.6125925935413203,0.21202423732042516,0.0885476711577623,0.01014456382056668,1,0,0,1,0
VOS,8,0.34091121237989674,0.13878698309924647,0.6751713091987998,-0.10362482940798326,0,0,0,0,0
VPD,8,0.21804028581537516,0.03923109474101316,0.9039658208929038,0.27388971342101176,0,0,0,0,0
VPG,8,0.8098870920877372,0.37406939961953467,0.020259190650051495,0.03392218437954078,1,0,0,0,0
VPH,8,0.43807943216062484,0.7847806800996409,0.009293371573734971,0.1545647210302683,0,1,0,0,0
VPI,8,0.3338925673865737,0.5698983185206306,0.002422248510254052,0.1557251832888418,0,1,0,0,0
VPS,8,0.37499475747718136,0.3950048125421433,0.0919098423342955,0.0405200319318153,0,0,0,0,0
VRC,8,0.20106512828378847,0.6894976584278993,0.0020856374808391745,3.8541415481006727,0,1,0,0,0
VRE,8,0.1477178009262237,-0.008733438413588365,0.007736533730809644,0.3960137063612612,0,0,0,0,0
VSA,8,0.4725987920926108,0.15510381121647535,0.11824600115480086,0.04078376376379913,1,0,0,0,0
VSC,8,0.11695770557929207,0.05174017565320968,0.46821672608237697,0.21424573981077535,0,0,0,0,0
VSH,8,0.06333477044882871,0.036406556293914774,0.07932410127437628,0.4786854356291318,0,0,0,0,0
VSI,8,0.38657352090147057,0.18638521169432154,0.2852024250615566,0.055749483386600795,0,0,0,0,0
VSM,8,0.32481115056854315,0.13412579885182196,0.44440887318674244,0.050627261177889835,0,0,0,0,0
VTB,8,0.5092403301227997,0.34797426136140586,0.09282856635956502,0.050385483273363466,1,0,0,0,0
VTC,8,0.8055054477482226,0.42450356501044473,0.04993408758535023,0.019854564027642442,1,0,0,1,0
VTH,8,0.29861484932847177,0.5683574161623796,0.23340525231663428,-0.026922347254914224,0,1,0,0,0
VTJ,8,0.04146341162802694,0.1102901566324146,0.013931185027869455,0.21097698329985803,0,0,0,0,0
VTO,8,0.17893826482395145,0.057227935043785275,0.7656547258288797,0.07897181872767796,0,0,0,0,0
VTV,8,0.6649619527792119,0.6554795108526396,0.020963092517120873,0.013862395096836806,1,1,1,1,0
WCS,8,0.09691683671309226,0.10145712802305074,0.06089119441351713,0.609876430613967,0,0,0,0,0
WSS,8,0.09472108758912243,0.0784694097524995,0.0008296581796226464,,0,0,0,0,0
X20,8,0.6347599425235039,0.3483935516180917,0.32475992631025263,0.01954936490683642,1,0,0,1,1
YBM,8,0.5063244810816058,0.32405128359847446,0.3970087836113326,0.04817863235013699,1,0,0,0,1
YEG,8,0.29865388584692604,0.3387400933768072,0.020862737790247075,0.06704013686566739,0,0,0,0,0
